,UNKNOWN,AAK1,ABL1-nonphosphorylated,ABL1-phosphorylated,ABL2,ACVR1,ACVR1B,ACVR2A,ACVR2B,ACVRL1,ADCK3,ADCK4,AKT1,AKT2,AKT3,ALK,AMPK-alpha1,AMPK-alpha2,ANKK1,ARK5,ASK1,ASK2,AURKA,AURKB,AURKC,AXL,BIKE,BLK,BMPR1A,BMPR1B,BMPR2,BMX,BRAF,BRK,BRSK1,BRSK2,BTK,CAMK1,CAMK1D,CAMK1G,CAMK2A,CAMK2B,CAMK2D,CAMK2G,CAMK4,CAMKK1,CAMKK2,CASK,CDC2L1,CDC2L2,CDC2L5,CDK11,CDK2,CDK3,CDK4-cyclinD1,CDK4-cyclinD3,CDK5,CDK7,CDK8,CDK9,CDKL1,CDKL2,CDKL3,CDKL5,CHEK1,CHEK2,CIT,CLK1,CLK2,CLK3,CLK4,CSF1R,CSK,CSNK1A1,CSNK1A1L,CSNK1D,CSNK1E,CSNK1G1,CSNK1G2,CSNK1G3,CSNK2A1,CSNK2A2,CTK,DAPK1,DAPK2,DAPK3,DCAMKL1,DCAMKL2,DCAMKL3,DDR1,DDR2,DLK,DMPK,DMPK2,DRAK1,DRAK2,DYRK1A,DYRK1B,DYRK2,EGFR,EIF2AK1,EPHA1,EPHA2,EPHA3,EPHA4,EPHA5,EPHA6,EPHA7,EPHA8,EPHB1,EPHB2,EPHB3,EPHB4,EPHB6,ERBB2,ERBB3,ERBB4,ERK1,ERK2,ERK3,ERK4,ERK5,ERK8,ERN1,FAK,FER,FES,FGFR1,FGFR2,FGFR3,FGFR4,FGR,FLT1,FLT3,FLT4,FRK,FYN,GAK,"GCN2(Kin.Dom.2,S808G)",GRK1,GRK4,GRK7,GSK3A,GSK3B,HCK,HIPK1,HIPK2,HIPK3,HIPK4,HPK1,HUNK,ICK,IGF1R,IKK-alpha,IKK-beta,IKK-epsilon,INSR,INSRR,IRAK1,IRAK3,IRAK4,ITK,JAK1(JH1domain-catalytic),JAK1(JH2domain-pseudokinase),JAK2(JH1domain-catalytic),JAK3(JH1domain-catalytic),JNK1,JNK2,JNK3,KIT,LATS1,LATS2,LCK,LIMK1,LIMK2,LKB1,LOK,LRRK2,LTK,LYN,LZK,MAK,MAP3K1,MAP3K15,MAP3K2,MAP3K3,MAP3K4,MAP4K2,MAP4K3,MAP4K4,MAP4K5,MAPKAPK2,MAPKAPK5,MARK1,MARK2,MARK3,MARK4,MAST1,MEK1,MEK2,MEK3,MEK4,MEK5,MEK6,MELK,MERTK,MET,MINK,MKK7,MKNK1,MKNK2,MLCK,MLK1,MLK2,MLK3,MRCKA,MRCKB,MST1,MST1R,MST2,MST3,MST4,MTOR,MUSK,MYLK,MYLK2,MYLK4,MYO3A,MYO3B,NDR1,NDR2,NEK1,NEK11,NEK2,NEK3,NEK4,NEK5,NEK6,NEK7,NEK9,NIM1,NLK,OSR1,p38-alpha,p38-beta,p38-delta,p38-gamma,PAK1,PAK2,PAK3,PAK4,PAK6,PAK7,PCTK1,PCTK2,PCTK3,PDGFRA,PDGFRB,PDPK1,PFCDPK1(P.falciparum),PFPK5(P.falciparum),PFTAIRE2,PFTK1,PHKG1,PHKG2,PIK3C2B,PIK3C2G,PIK3CA,PIK3CB,PIK3CD,PIK3CG,PIK4CB,PIM1,PIM2,PIM3,PIP5K1A,PIP5K1C,PIP5K2B,PIP5K2C,PKAC-alpha,PKAC-beta,PKMYT1,PKN1,PKN2,PKNB(M.tuberculosis),PLK1,PLK2,PLK3,PLK4,PRKCD,PRKCE,PRKCH,PRKCI,PRKCQ,PRKD1,PRKD2,PRKD3,PRKG1,PRKG2,PRKR,PRKX,PRP4,PYK2,QSK,RAF1,RET,RIOK1,RIOK2,RIOK3,RIPK1,RIPK2,RIPK4,RIPK5,ROCK1,ROCK2,ROS1,RPS6KA4(Kin.Dom.1-N-terminal),RPS6KA4(Kin.Dom.2-C-terminal),RPS6KA5(Kin.Dom.1-N-terminal),RPS6KA5(Kin.Dom.2-C-terminal),RSK1(Kin.Dom.1-N-terminal),RSK1(Kin.Dom.2-C-terminal),RSK2(Kin.Dom.1-N-terminal),RSK3(Kin.Dom.1-N-terminal),RSK3(Kin.Dom.2-C-terminal),RSK4(Kin.Dom.1-N-terminal),RSK4(Kin.Dom.2-C-terminal),S6K1,SBK1,SgK110,SGK3,SIK,SIK2,SLK,SNARK,SNRK,SRC,SRMS,SRPK1,SRPK2,SRPK3,STK16,STK33,STK35,STK36,STK39,SYK,TAK1,TAOK1,TAOK2,TAOK3,TBK1,TEC,TESK1,TGFBR1,TGFBR2,TIE1,TIE2,TLK1,TLK2,TNIK,TNK1,TNK2,TNNI3K,TRKA,TRKB,TRKC,TRPM6,TSSK1B,TTK,TXK,TYK2(JH1domain-catalytic),TYK2(JH2domain-pseudokinase),TYRO3,ULK1,ULK2,ULK3,VEGFR2,VRK2,WEE1,WEE2,YANK1,YANK2,YANK3,YES,YSK1,YSK4,ZAK,ZAP70
A-674563,100,92.08,0,0,0,0,0,0,0,0,0,0,86.81,14.71,73.53,0,0,0,0,0,0,0,0,0,5.62,0,80.65,0,0,0,0,0,0,0,0,0,0,0,17.24,0,60.98,34.01,64.94,35.97,41.32,38.17,40.32,0,0,0,13.89,27.78,0,15.63,0,0,0,87.72,12.5,73.53,0,41.67,31.25,71.43,0,4.85,97.47,99.72,99.9,75.76,99.89,0,0,19.23,9.8,70.42,80.65,48.54,56.82,35.46,8.33,11.63,0,23.81,16.67,29.41,0,0,0,0,0,0,84.46,52.08,8.77,8.77,99.58,99.23,88.81,0,0,0,0,0,0,0,0,0,0,0,0,0,0,0,0,0,0,0,0,0,0,0,84.89,0,0,0,0,0,0,0,0,0,0,48.08,0,0,0,73.53,0,0,26.32,20.83,11.36,58.82,0,68.49,69.44,81.97,39.68,0,0,47.62,0,0,0,0,0,0,13.89,0,16.67,0,0,0,0,25,0,0,0,0,31.25,44.64,0,0,0,0,0,20.83,0,0,0,0,0,0,0,0,0,20.83,0,78.13,0,0,0,0,0,0,0,0,0,0,29.41,0,0,0,45.87,0,0,83.33,0,0,12.82,55.56,0,0,0,56.82,84.03,0,0,8.47,0,0,0,0,36.5,0,25,0,0,0,0,0,0,0,0,0,0,0,0,0,0,0,0,0,0,0,0,25,25,0,33.78,39.68,42.74,25,20.83,6.1,0,0,0,0,0,19.23,38.76,29.41,16.13,0,0,0,0,0,0,8.77,73.53,69.44,78.13,66.67,0,22.73,0,89.93,84.75,0,70.42,45.87,0,0,0,0,0,94.88,97.85,98.14,0,97.66,0,0,33.33,64.94,96.34,15.15,83.75,9.8,0,0,0,0,44.64,8.62,42.02,0,0,0,0,93.11,0,0,0,13.51,0,15.15,0,0,0,0,0,0,0,12.2,0,0,8.93,0,0,0,10.64,0,0,0,47.62,31.25,25,0,69.44,0,0,0,0,43.86,51.55,9.26,31.25,0,0,0,0,0,0,0,0,0,78.13,0,0,0,0,0,0,0,0,0,0,0,0,0,5.88,7.69,0,0,11.11,0,0,0,0,0,0,0,68.49,0,0
Afatinib (BIBW2992),3.47826087,0,27.78,46.73,0,0,0,0,0,0,0,0,0,0,0,0,0,0,0,0,0,0,0,0,0,8.62,0,69.44,0,0,0,0,0,0,0,0,0,0,0,0,0,0,0,0,0,0,0,0,0,0,0,0,0,0,0,0,0,0,0,0,0,0,0,0,0,0,14.71,0,0,0,0,0,0,0,0,0,27.78,0,0,0,0,0,0,0,0,0,0,0,0,0,0,0,0,0,17.86,0,34.01,15.15,21.74,99.95,0,0,0,0,0,0,59.52,0,0,0,0,0,0,13.89,99.01,10,98.76,0,0,0,0,0,0,0,0,0,0,0,0,0,0,0,0,0,0,26.32,0,86.36,0,0,0,0,0,0,18.52,0,0,0,58.14,0,0,0,0,0,0,0,0,0,67.57,0,0,0,0,0,0,0,0,19.23,20,0,0,0,46.73,0,0,0,10.42,0,0,0,0,0,0,0,0,0,0,0,0,0,0,0,0,0,0,0,0,0,0,0,0,0,27.78,0,0,0,18.52,0,0,21.74,23.81,0,0,0,0,0,0,0,0,0,0,0,0,0,0,0,0,0,0,0,0,0,0,0,0,0,0,0,0,0,0,0,0,27.78,0,0,0,0,0,0,0,0,0,0,0,0,0,0,0,0,0,0,0,27.78,51.55,0,0,0,0,0,0,0,0,0,0,0,0,0,0,0,0,0,0,0,0,0,0,0,0,0,0,0,0,0,0,0,0,0,0,0,0,0,0,0,0,0,0,0,0,0,15.63,0,0,0,0,0,0,0,0,0,0,0,0,0,0,0,13.89,0,9.43,0,0,0,0,11.9,0,0,15.15,0,0,0,0,0,0,0,0,0,0,0,0,0,0,0,0,0,0,0,0,0,0,0,0,0,0,0,0,0,0,0,0,0,13.89,0,0,0,0,0,0,0,0,0,0,0,0,0,0,0,0,0,0
AST-487,5.652173913,0,99.86,97.47,99.32,0,0,0,26.32,0,0,0,0,0,0,26.32,26.32,0,44.25,0,0,5.88,0,10.2,40.32,46.73,0,94.34,0,0,0,8.06,22.73,0,0,0,0,14.29,10.2,0,0,0,0,0,11.9,69.44,69.44,0,26.32,31.25,99.81,99.7,52.63,78.13,27.78,44.25,47.62,99.09,99.72,72.46,97.47,99.9,99.23,98.7,0,58.14,90.58,81.97,21.74,8.33,63.29,98.85,17.86,0,0,16.67,11.11,33.33,34.48,83.75,0,0,27.78,0,0,13.51,0,0,0,99.86,97.85,16.67,0,0,0,0,0,0,70.42,49.02,0,8.47,75.76,86.21,55.56,78.13,56.82,31.25,96.53,73.53,79.37,0,0,0,0,0,0,0,0,0,0,0,84.18,7.69,0,45.87,58.14,44.64,20.83,11.36,26.32,72.46,85.32,99.84,80.65,95.06,90.91,27.78,0,0,0,0,5.56,0,36.23,74.63,98.56,99.21,99.23,70.42,0,16.67,0,92.42,81.97,0,18.52,26.32,79.37,0,0,33.56,87.11,0,35.46,65.79,52.08,89.93,39.68,98.93,51.55,14.29,97.85,39.37,21.74,0,99.82,34.48,75.76,97.28,40.32,33.33,21.74,0,17.86,0,0,83.33,72.46,97.09,58.82,0,0,0,0,0,0,0,0,0,18.52,33.33,87.11,0,37.59,57.47,10.2,98.46,94.88,95.06,99.4,0,0,0,11.11,0,0,14.29,51.02,36.76,27.78,0,0,99.38,0,60.24,0,92.42,85.62,0,19.23,8.77,0,0,0,52.08,31.25,16.67,0,21.74,0,75.76,0,87.26,53.76,97.47,94.52,0,0,11.11,0,0,0,54.35,97.09,90.25,94.88,98.41,0,98.33,0,85.62,96.71,0,0,0,0,0,0,0,0,0,0,0,0,0,0,0,0,11.9,65.79,0,0,0,0,0,0,5.81,0,0,0,0,0,18.52,29.41,34.48,25,0,0,31.25,10.2,0,49.02,0,34.97,96.71,0,47.62,0,70.42,31.25,73.53,58.14,25,56.18,22.73,20.83,0,40.65,0,0,0,0,0,31.25,0,12.82,80.65,0,0,76.92,22.73,0,95.6,0,0,59.52,87.41,0,0,0,0,29.41,96.9,27.78,25,45.45,99.7,94.52,91.91,98.85,0,0,17.24,0,65.79,99.94,96.34,0,0,87.87,89.29,0,74.63,60.98,72.46,93.63,0,0,68.49,0,21.74,0,0,11.9,58.14,89.77,71.43,0,0,0,0,0,0,65.79,29.41,80.65,99.54,0
AT7519,30.86956522,0,0,0,0,0,0,0,0,0,0,0,0,0,0,0,0,0,0,0,0,0,0,0,0,0,0,0,0,0,0,0,0,0,0,0,0,0,0,0,0,0,0,0,0,0,17.24,95.42,98.35,98.97,99.36,13.16,94.34,89.29,96.15,97.66,41.67,99.44,0,98.85,0,33.33,0,99.48,0,0,0,33.56,22.73,57.47,6.67,0,0,0,0,0,0,0,0,0,0,0,0,0,0,0,0,16.13,31.25,0,0,0,31.25,0,0,0,80.65,63.29,8.47,0,0,0,0,0,0,0,0,0,0,0,0,0,0,0,0,0,0,0,0,0,0,92.25,80.65,0,0,0,0,0,0,0,0,0,0,0,0,0,0,0,0,0,0,0,95.6,97.85,0,0,0,0,0,0,0,98.37,0,0,0,0,0,0,0,0,0,0,0,0,0,0,0,0,0,0,0,0,0,0,0,0,0,0,0,0,0,83.75,0,0,0,0,0,0,0,0,0,0,0,0,0,0,0,0,0,0,0,0,0,0,0,0,0,0,0,0,0,0,0,0,0,0,0,0,0,0,0,0,0,0,0,0,0,0,0,0,0,0,0,0,0,0,0,0,0,0,0,0,0,0,0,0,0,0,0,0,0,0,0,99.78,99.81,97.28,0,0,0,0,0,88.97,96.9,0,0,0,0,0,0,0,0,0,0,0,0,0,0,0,0,0,0,0,0,0,0,0,0,0,0,0,0,0,0,0,0,0,0,0,0,0,0,0,0,0,0,0,0,0,0,0,0,0,0,0,0,0,0,0,0,0,0,0,0,0,0,0,0,0,0,0,0,0,0,7.81,0,0,0,0,0,0,0,0,0,0,0,0,0,0,79.37,90.91,89.77,0,0,0,0,0,0,0,17.24,0,0,0,0,0,0,0,0,0,0,0,0,0,0,0,0,0,0,0,0,0,0,0,0,0,0,0,0,0,0
Axitinib (AG-013736),18.26086957,29.41,85.62,93.28,87.72,0,0,0,8.77,0,0,0,0,0,0,0,0,0,12.2,0,0,0,87.41,97.85,99.74,54.35,33.33,13.89,0,14.71,0,0,0,0,0,0,0,0,0,0,0,0,0,0,0,26.32,25,0,0,0,0,0,0,0,0,0,0,0,0,0,0,48.54,0,0,0,0,0,0,0,0,0,95.97,31.25,0,0,0,0,0,0,0,0,15.15,0,0,0,0,0,0,0,59.52,8.62,22.73,0,0,0,0,0,0,0,0,0,0,0,0,0,0,0,0,0,0,0,0,0,58.14,0,0,0,0,0,0,0,0,0,0,0,0,0,56.82,81.97,70.42,0,21.74,98.85,92.25,74.63,0,0,15.63,0,0,17.86,0,0,0,0,0,0,0,0,60.24,25,0,0,0,0,0,0,0,13.89,0,0,29.41,0,0,13.16,13.89,11.36,0,31.25,99.36,0,0,15.63,0,0,0,29.41,35.21,0,0,0,0,0,0,0,15.15,8.2,27.78,29.41,58.82,47.62,0,0,0,0,0,0,0,15.63,16.13,0,0,78.13,0,0,13.51,37.88,47.17,0,0,0,22.73,14.29,0,0,0,9.43,26.32,0,18.52,0,0,0,0,0,27.78,0,20.83,0,0,0,0,0,0,0,0,0,0,0,0,0,0,0,0,0,0,0,0,0,0,10,0,0,8.62,0,0,99.9,99.89,0,0,0,0,0,0,0,0,0,0,0,0,0,0,0,0,0,0,0,0,0,0,0,0,0,15.63,0,0,0,0,96.9,0,0,0,0,0,0,0,0,0,0,6.33,0,0,0,0,0,80.65,29.41,0,33.33,16.67,4.81,26.32,0,0,0,13.51,0,0,0,0,0,0,0,0,0,0,0,0,0,0,0,19.23,0,33.33,27.78,0,0,0,21.74,0,17.86,57.47,0,0,0,0,0,0,0,0,0,0,0,10.42,0,0,83.75,61.73,0,0,73.53,75.76,7.69,0,21.74,0,0,0,0,11.36,17.24,12.2,0,0,0,4.81,42.74,98.83,0,0,0,0,0,0,15.63,0,64.94,16.13,0
Barasertib (AZD1152-HQPA),-5.652173913,14.29,25,8.33,0,0,0,0,0,0,0,0,0,0,0,0,0,0,25,0,0,0,55.56,99.09,99.13,56.18,0,25,0,0,0,0,0,0,0,0,29.41,0,0,0,0,0,0,0,0,0,0,0,29.41,33.33,31.25,0,0,0,0,0,0,7.46,0,0,0,29.41,0,0,0,26.32,8.06,0,0,0,0,26.32,11.63,0,0,0,0,0,0,0,0,0,0,0,0,0,0,0,0,21.74,7.04,0,0,0,0,0,0,0,0,52.63,25,0,0,0,0,0,0,0,0,0,0,0,0,90.91,10.42,0,51.55,0,0,0,0,0,0,0,0,0,0,0,0,0,0,0,81.97,98.39,14.71,0,0,0,0,0,0,0,0,0,11.36,0,11.9,16.67,83.75,0,0,0,0,0,0,0,0,0,0,5.95,0,0,0,0,0,0,0,0,0,96.71,0,0,56.82,0,0,0,15.15,0,13.51,23.81,0,0,0,0,0,0,0,0,0,0,75.76,0,0,0,0,0,0,0,20.83,10.64,0,0,99.44,0,0,0,0,0,0,0,29.41,0,0,0,0,0,0,0,0,0,0,0,0,25,0,0,0,0,0,0,0,0,0,0,0,0,0,0,0,0,0,0,0,0,0,0,0,0,0,0,0,0,0,7.35,0,0,92.94,92.42,0,0,0,0,0,0,0,0,0,0,0,0,0,0,0,0,0,0,0,0,0,0,0,0,0,0,0,0,0,0,9.62,0,0,0,0,0,0,0,0,0,0,0,0,0,0,0,0,86.21,0,0,0,0,21.74,0,14.29,0,0,0,0,0,0,0,0,0,0,0,0,0,0,15.15,0,0,0,0,0,0,0,0,0,5.95,0,0,0,0,0,0,9.8,0,0,43.48,0,0,0,0,0,0,0,0,58.82,20.83,0,0,5.56,0,0,0,0,0,0,0,0,5.56,0,0,0,0,0,0,0,50,0,0,0,0,0,0,11.63,0,17.24,22.73,0
BI 2536,-14.7826087,15.15,0,12.5,0,0,0,0,0,0,0,0,0,0,0,75.76,0,0,0,0,0,0,0,0,0,0,0,0,0,0,0,0,0,0,0,0,0,0,8.47,0,27.78,10.64,17.24,29.41,0,95.79,95.6,0,0,0,0,0,0,0,0,20.83,0,12.5,0,0,0,0,0,0,0,6.1,8.77,34.72,52.08,44.25,0,0,0,13.89,0,25,56.82,10,8.06,17.24,0,0,0,48.08,34.97,79.37,7.81,0,0,0,0,0,14.71,0,0,0,0,0,0,18.52,0,0,0,0,0,0,0,0,0,0,0,0,0,0,0,0,0,0,0,0,0,13.51,0,0,76.92,0,20.83,0,0,0,0,0,0,0,0,0,0,73.53,0,0,0,37.04,0,0,0,10.87,14.71,12.2,20,0,4.9,0,0,0,0,0,0,0,20.83,0,19.23,0,0,0,0,0,0,0,31.25,0,0,0,0,0,0,0,9.26,0,29.41,0,0,0,0,0,0,0,0,0,0,0,0,0,0,0,0,0,0,0,0,0,0,0,0,0,0,13.89,17.24,23.81,0,0,0,0,0,0,0,0,0,0,0,0,0,0,0,0,83.75,0,0,7.35,12.5,0,0,0,0,20,40.98,0,0,0,7.58,0,39.37,0,0,0,0,0,0,0,0,0,0,0,0,0,0,0,0,0,0,0,0,0,0,0,23.81,0,0,0,0,6.17,0,0,0,0,0,0,0,0,81.97,0,0,0,0,0,0,99.96,99.84,99.21,0,0,0,0,0,0,60.98,49.5,58.82,0,0,52.08,0,0,61.73,0,0,0,18.52,0,10.2,0,0,0,0,0,0,0,0,97.66,0,64.94,8.47,0,0,0,41.67,0,27.78,0,0,0,0,0,0,10.87,0,0,0,0,0,0,0,31.25,31.25,0,0,0,9.62,0,0,0,22.73,0,0,0,0,0,0,0,0,0,0,0,0,0,0,0,0,0,0,16.67,0,0,0,0,0,0,0,0,0,0,0,0,0,0,0,0,51.02,0,0
BIRB 796 (Doramapimod),-1.739130435,0,38.46,0,27.78,0,0,0,0,0,0,0,0,0,0,0,0,0,33.33,0,0,0,0,0,0,0,0,42.37,0,0,0,0,15.63,0,0,0,0,0,0,0,0,0,0,0,0,0,0,0,0,0,31.25,71.43,0,0,0,0,20,13.89,69.44,0,0,0,0,0,0,0,19.23,0,0,0,0,5.81,0,0,0,0,0,0,0,0,0,0,0,0,0,0,0,0,0,99.62,93.81,0,0,29.41,0,0,0,0,0,6.67,0,4.85,7.46,36.23,14.71,26.32,20,36.76,64.94,9.26,53.19,0,0,0,0,0,0,0,0,0,0,0,14.29,0,6.58,0,0,10.42,0,0,0,0,54.95,17.86,6.58,29.41,0,0,0,0,0,0,0,0,0,0,0,0,0,0,0,0,0,0,0,0,0,0,0,0,0,0,0,0,0,0,5.21,98.56,81.97,74.63,0,0,29.41,0,0,0,97.66,0,26.32,15.63,0,0,0,0,0,0,0,0,0,84.75,0,0,0,0,0,0,0,0,0,0,0,0,0,0,0,11.9,0,61.73,0,7.35,23.81,0,0,0,0,5.05,35.46,0,0,0,0,0,0,20.83,0,0,0,0,0,0,0,0,0,0,0,0,0,0,0,0,0,33.33,0,99.91,98.58,86.51,99.42,0,0,0,0,0,0,0,0,0,29.41,31.25,0,0,0,0,0,0,0,0,0,0,0,0,0,0,0,0,0,0,0,0,0,0,0,0,0,0,0,0,0,0,0,0,0,0,0,0,0,0,0,0,0,0,0,0,33.56,0,0,50,0,0,0,0,7.94,0,0,0,0,0,0,0,0,0,0,0,0,0,0,0,0,0,0,0,0,0,0,76.92,0,0,0,0,0,0,0,0,0,0,0,0,0,76.92,0,0,0,0,0,0,0,0,98.37,96.15,0,0,78.13,0,0,0,33.33,46.73,72.46,0,0,13.16,0,0,0,0,0,0,0,11.36,0,0,0,0,0,0,9.26,0,0,36.76,0
BMS-345541,25.65217391,0,0,0,0,0,0,0,0,0,0,0,0,0,0,0,0,0,0,0,0,0,0,0,0,0,0,0,0,0,0,0,0,0,0,0,0,0,0,0,0,0,0,0,0,0,0,0,54.35,56.18,38.46,0,0,0,0,0,0,42.37,0,20.83,0,0,0,0,0,0,0,0,0,0,0,0,0,0,0,0,0,0,0,0,0,0,0,0,0,0,0,0,22.73,0,0,0,0,0,0,0,0,0,19.23,0,0,0,0,0,0,0,0,0,0,0,0,0,0,0,0,0,0,0,0,10.42,0,44.64,10,33.33,0,0,0,0,0,0,0,0,0,0,0,0,0,0,0,0,0,0,0,0,0,0,0,0,5.81,0,0,0,0,22.73,79.37,0,0,0,0,0,0,0,0,0,0,0,0,0,0,0,0,0,0,0,0,0,0,0,0,0,0,0,0,0,0,0,0,0,0,0,0,0,0,0,0,0,0,0,0,0,0,0,0,0,0,0,0,0,0,0,0,0,0,0,0,0,0,0,0,0,0,0,0,0,0,0,41.67,0,0,0,0,0,0,0,0,0,0,0,0,0,0,0,0,0,0,0,0,0,0,0,0,0,0,35.97,0,0,0,0,0,0,0,0,0,0,0,0,0,0,0,0,0,0,0,0,0,0,0,0,0,0,0,0,0,0,17.24,0,0,0,0,0,0,0,0,0,9.8,0,0,0,0,0,0,0,0,0,0,0,0,0,0,0,0,0,0,0,0,0,0,17.86,0,0,0,13.16,0,0,0,0,6.94,0,0,0,0,0,0,0,0,0,0,0,0,0,0,0,0,0,7.14,0,0,0,0,0,0,0,0,0,0,0,0,0,0,0,0,0,0,0,0,0,0,0,0,0,0,0,20,0,0,0,0,0,0,0,0,0,0,0,0,0,65.79,0,0
Bosutinib,-40.86956522,17.86,99.98,99.99,99.7,0,0,0,0,0,0,0,0,0,0,42.02,11.36,0,19.23,7.81,0,0,0,0,0,90.58,58.82,99.34,0,0,46.3,71.43,0,0,0,0,99.05,0,47.62,0,10,0,0,12.2,0,0,39.06,37.59,0,0,0,0,0,0,0,0,0,29.41,0,0,0,0,0,0,14.29,80.65,17.24,45.45,22.73,62.5,13.51,56.82,93.98,64.1,16.13,67.57,81.97,0,0,0,0,0,7.94,0,0,0,0,0,8.47,80.65,78.13,42.74,84.6,0,0,0,0,0,0,93.46,44.25,17.86,96.53,98.85,96.53,94.88,31.25,0,98.23,93.81,98.35,70.42,98.19,14.29,16.67,99.85,95.06,0,0,0,0,17.86,0,0,46.73,58.14,60.24,0,0,0,0,98.76,0,18.52,0,99.72,97.85,99.74,64.94,0,9.26,22.73,0,0,99.32,49.02,20.83,13.51,79.37,97.09,9.09,0,0,0,0,90.42,0,0,45.45,0,58.14,22.73,0,0,31.25,29.41,0,0,0,54.35,0,0,99.88,0,0,0,98.62,50,14.29,99.17,51.02,0,10.2,0,94.34,90.25,81.97,99.38,98.99,98.39,99.9,0,0,0,0,0,0,58.82,96.34,98.06,16.13,16.13,98.39,27.78,0,81.97,18.52,99.36,8.62,0,0,0,15.63,0,15.63,0,0,72.46,7.35,57.47,56.82,93.11,0,0,50.51,0,0,7.46,17.86,0,0,0,43.48,23.81,0,0,0,0,0,0,25,18.52,0,0,0,0,0,17.86,20.83,8.06,0,0,0,17.24,0,0,8.93,71.43,0,0,0,23.81,26.32,59.52,27.78,0,0,0,0,0,0,0,0,0,0,13.16,0,0,0,0,0,58.82,14.71,13.51,8.33,21.74,34.25,0,0,23.81,17.24,0,0,35.46,0,0,9.8,0,0,0,0,0,56.18,88.65,0,9.43,18.52,0,23.81,0,11.9,0,56.82,36.5,58.14,0,0,0,0,0,0,0,29.41,13.51,0,15.63,0,43.1,0,0,0,94.34,94.52,99.07,69.44,0,99.8,83.33,0,0,11.36,0,93.11,99.6,46.73,11.9,63.29,83.33,27.78,20.83,59.52,66.67,13.51,0,0,0,14.71,11.36,46.73,19.23,94.16,0,94.52,74.63,13.89,29.41,12.82,0,9.8,0,87.41,7.14,10,89.13,29.41,52.63,52.08,0,41.32,49.5,84.18,21.74,0,0,99.21,35.71,96.9,86.21,23.81
Brivanib (BMS-540215),13.04347826,0,31.25,43.86,21.74,0,0,0,0,0,0,0,0,0,0,0,0,0,0,0,0,0,0,0,0,0,0,20,0,0,0,0,0,0,0,0,0,0,0,0,0,0,0,0,0,0,0,0,0,0,0,0,0,0,0,0,0,0,0,0,0,0,0,0,0,0,0,0,0,0,0,20.83,0,0,0,0,0,0,0,0,0,0,0,0,0,0,0,0,0,75.76,0,0,0,0,0,0,0,0,0,0,0,0,0,0,0,0,72.46,22.73,0,0,0,0,0,26.32,0,0,0,0,0,0,0,0,0,0,0,0,0,83.47,81.97,75.76,45.45,0,98.04,0,89.93,0,0,0,0,0,0,0,0,0,15.63,0,0,0,0,0,0,0,0,0,0,0,0,0,0,0,0,0,0,0,0,0,0,0,0,93.28,0,0,31.25,0,0,0,69.44,0,0,0,0,0,0,0,0,0,0,0,0,45.87,26.32,0,0,0,0,0,0,0,0,0,0,0,13.89,0,0,0,0,61.73,0,0,0,0,0,0,0,0,0,0,0,0,0,0,0,0,0,0,0,0,0,0,0,0,0,0,0,0,0,0,0,0,0,0,0,0,0,0,0,0,0,0,0,0,0,0,0,0,97.85,90.91,0,0,0,0,0,0,0,0,0,0,0,0,0,0,0,0,0,0,0,0,0,0,0,0,0,0,0,0,0,0,0,0,0,0,0,0,0,0,0,0,0,0,0,0,0,0,0,56.18,0,0,0,0,14.71,0,0,0,0,0,0,0,0,0,0,0,0,0,0,0,0,0,0,0,0,0,0,74.63,0,0,23.81,0,0,0,0,0,13.51,95.06,0,0,0,0,0,0,0,0,0,0,0,0,31.25,53.19,0,0,75.76,0,0,0,0,0,0,0,0,0,0,0,0,0,0,0,0,99.01,0,0,0,0,11.36,0,0,0,50,0,0
Cediranib (AZD2171),-23.91304348,0,83.33,86.51,40.65,12.82,25,0,0,0,0,0,0,0,0,17.86,0,0,0,0,0,0,0,13.51,19.23,50.51,0,80.65,0,0,0,0,0,47.17,0,0,10.42,0,0,0,0,0,0,0,0,0,0,0,0,0,0,0,0,0,0,0,0,0,0,0,0,0,0,0,0,0,0,0,0,0,0,97.47,0,0,0,0,15.15,0,0,0,0,0,0,0,0,0,0,0,0,99.66,91.24,0,0,0,0,0,0,0,0,68.49,13.89,8.77,0,11.9,0,0,93.28,44.64,8.62,0,0,0,31.25,69.44,14.29,73.53,26.32,0,0,0,0,0,0,49.5,0,0,0,90.42,93.46,95.6,36.76,31.25,99.85,0,99.15,40.98,29.41,22.73,0,0,0,0,0,0,45.87,0,0,0,0,35.21,0,0,0,0,0,0,0,0,0,0,0,0,0,0,0,0,0,0,0,99.92,0,0,88.18,0,0,0,95.6,0,10.42,64.94,0,0,0,0,0,0,0,48.08,20,20,83.33,0,0,0,0,0,0,0,0,13.89,0,0,25,0,0,16.13,57.47,48.08,0,0,0,0,0,0,0,0,0,10.42,14.71,0,0,10,0,0,0,0,0,0,0,0,0,0,0,0,0,0,0,0,0,0,0,0,0,0,0,0,0,0,0,0,0,0,0,0,0,0,99.92,99.94,0,0,0,0,0,0,0,0,0,0,0,0,0,0,0,0,0,0,0,0,0,0,0,0,0,0,0,0,0,0,19.23,0,0,0,0,0,0,0,0,0,0,0,0,0,0,0,0,98.79,0,0,0,0,83.61,0,0,0,0,0,0,0,0,0,0,0,0,0,0,0,0,0,0,0,0,0,19.23,95.79,0,0,86.06,0,0,0,0,0,48.08,98.93,0,0,0,0,0,7.81,9.09,0,0,0,22.73,0,63.29,78.13,0,0,38.17,0,0,0,0,0,0,0,0,0,0,0,0,37.59,0,0,0,99.78,0,0,0,0,0,0,65.79,0,66.67,0,0
CEP-701,96.52173913,99.38,13.51,33.33,7.14,86.96,85.32,16.67,11.63,18.52,0,0,10.2,19.23,7.46,87.57,95.24,89.93,93.98,99.27,87.72,74.63,96.9,96.9,99.19,93.46,96.9,75.76,34.48,89.77,25,71.43,0,22.73,95.24,96.9,88.34,79.37,91.41,51.55,98.04,89.45,98.27,95.06,14.29,95.6,97.09,60.24,0,0,33.33,0,96.15,54.35,94.34,93.46,54.95,85.18,5.88,48.54,50.51,92.08,53.76,98.04,99.44,70.42,85.47,98.12,91.91,0,99.4,81.97,65.79,0,6.58,0,0,0,0,0,16.13,34.01,34.01,86.21,88.81,85.91,0,10,31.25,49.5,55.56,37.31,67.57,16.67,99.32,99.01,96.15,94.52,95.79,31.25,0,56.82,38.76,75.76,22.73,7.81,29.41,65.79,0,8.77,6.76,0,6.76,83.61,0,8.33,26.32,4.85,0,0,0,31.25,99.03,98.87,31.25,94.7,57.47,61.73,43.1,46.3,21.74,90.58,80.65,98.33,96.71,40.32,85.62,98.56,99.19,95.42,97.66,98.58,17.86,27.78,64.94,45.87,57.47,66.67,76.92,92.94,46.73,92.76,10.64,98.23,97.66,97.85,31.25,21.74,98.79,96.9,99.66,63.29,98.27,0,99.27,99.54,97.85,60.98,97.66,76.92,94.34,99.8,53.76,23.81,0,89.77,98.87,99.29,50.51,72.46,59.52,22.73,10.2,99.32,99.05,98.81,16.13,99.07,81.97,95.6,92.08,68.49,34.97,85.76,97.28,91.07,80.65,96.34,99.3,99.23,99.01,99.25,98.62,91.91,95.06,93.98,63.29,99.29,86.21,89.93,99.72,97.66,99.3,97.09,96.53,5.15,33.33,99.4,5.75,99.52,39.68,68.49,0,10.87,97.47,89.93,94.52,65.79,39.37,69.44,57.47,16.67,0,9.26,0,0,8.2,10.2,11.11,8.47,21.74,39.37,5.88,0,0,12.5,57.47,94.34,92.08,93.46,95.42,98.06,95.42,94.88,40.98,0,58.82,94.52,99.32,98.89,8.2,27.78,40.98,99.92,99.66,8.77,68.49,9.26,6.94,11.11,58.82,63.29,71.43,66.67,96.53,93.28,0,96.53,0,69.44,75.76,0,98.95,99.64,90.09,69.44,60.24,17.86,99.7,67.57,75.76,78.13,21.74,83.33,97.28,98.41,98.25,57.47,95.24,80.65,92.25,47.62,92.42,80.65,0,96.15,98.23,6.94,98.48,0,43.86,97.47,98.95,89.93,87.57,95.06,88.97,27.78,92.25,34.25,94.7,17.24,63.29,85.03,29.41,81.97,5.21,87.87,71.43,80.65,98.85,85.91,97.09,93.46,99.8,0,43.86,37.88,98.04,90.74,97.47,96.34,95.06,38.17,11.63,31.25,98.14,99.42,87.72,50,85.32,96.53,29.41,63.29,80.65,48.08,42.37,44.25,81.97,88.65,98.93,98.17,98.7,19.23,98.37,97.28,97.28,0,83.61,98.72,43.1,97.09,35.46,43.48,33.33,89.29,99.03,69.44,0,29.41,5.95,19.23,7.81,5.88,75.76,83.75,99.9,6.94,96.9
CI-1033,-13.47826087,0,70.42,94.34,36.5,22.73,0,0,0,0,25,12.82,0,0,0,6.1,0,0,0,0,0,0,0,10.64,15.15,8.06,11.63,91.74,0,16.13,0,16.13,0,11.63,0,0,23.81,0,0,0,0,0,0,0,0,0,0,0,0,0,0,0,0,0,0,0,0,0,0,0,0,0,0,0,0,0,27.78,0,0,0,0,0,7.58,0,0,9.8,54.35,0,0,0,0,0,0,0,0,0,0,0,0,55.56,0,0,6.67,0,0,6.41,25,0,6.94,99.96,0,16.67,0,19.23,12.2,29.41,64.94,0,20,25,15.63,0,21.74,43.86,89.93,70.42,98.72,0,0,22.73,8.47,0,0,0,0,0,0,0,0,0,0,15.15,6.25,15.63,0,12.82,8.62,83.33,0,0,0,0,0,0,10.64,0,0,0,31.25,0,7.25,0,0,0,0,0,0,0,52.63,14.29,29.41,8.2,0,0,0,44.25,0,31.25,8.33,6.02,0,0,60.98,0,0,0,20.83,50,8.93,38.17,0,0,0,0,11.63,17.86,5.62,60.24,0,0,16.13,0,0,0,0,0,0,0,21.74,23.81,0,0,89.29,0,0,0,8.2,19.23,81.97,65.79,21.74,0,0,0,0,0,0,0,0,0,0,0,0,0,0,0,0,0,0,0,0,0,0,0,0,0,0,0,0,0,0,0,0,0,0,0,0,0,0,0,0,0,0,0,0,0,8.77,6.25,0,0,0,0,0,0,0,0,0,0,0,0,0,0,0,0,0,0,0,0,0,0,0,0,0,0,0,0,0,0,0,0,0,0,0,0,0,0,0,0,0,0,0,0,0,41.67,0,10.64,5.62,0,0,0,62.5,0,0,0,0,0,0,0,0,0,0,7.46,0,0,0,0,0,0,0,0,0,0,9.26,21.74,0,0,31.25,6.94,0,0,0,0,0,14.71,10,0,0,13.16,0,0,0,0,25,13.51,4.95,38.46,18.52,0,0,0,5.75,0,0,8.2,0,0,0,0,0,0,41.67,0,0,33.33,0,0,9.62,0,0,0,0,0,0,0,23.81,0,41.67,29.41,0
Crizotinib (PF-02341066),-57.82608696,17.86,86.51,81.97,52.08,53.19,36.76,0,0,0,0,31.25,0,0,0,99.34,17.24,0,39.06,0,0,0,65.79,86.81,10.42,98.46,40.32,81.97,0,68.49,0,12.2,0,0,0,0,6.02,0,0,0,0,0,0,0,0,0,25,78.13,39.68,54.35,0,0,0,0,0,0,0,60.24,0,0,0,19.23,0,0,0,0,0,0,0,0,0,70.42,0,0,0,0,0,0,0,0,0,0,0,0,0,0,60.24,57.47,0,49.5,0,74.63,26.32,0,0,0,0,0,11.11,0,0,78.13,83.33,41.67,58.14,33.33,88.5,51.55,64.1,80.65,0,0,46.73,98.81,0,0,0,0,0,0,0,49.5,0,0,61.73,64.94,52.63,0,0,15.63,0,42.74,17.86,37.04,0,14.71,27.78,0,0,0,10.64,0,0,0,0,0,0,0,12.2,92.76,0,0,39.06,0,8.33,41.32,59.52,45.45,91.07,94.16,12.2,20,60.24,0,63.29,71.43,0,0,0,0,0,0,94.34,37.59,42.02,0,91.91,0,97.66,34.72,68.49,0,31.25,15.15,87.41,81.97,0,86.21,86.96,0,86.36,0,0,0,0,0,0,0,0,0,13.16,0,0,0,0,99.29,99.58,10.2,0,0,0,0,0,0,0,0,0,46.3,95.24,33.56,0,15.15,0,68.49,0,0,0,0,0,0,0,0,0,0,0,0,0,0,8.06,38.76,9.8,0,0,0,0,0,0,0,0,0,0,0,0,0,0,0,0,0,0,0,0,0,0,0,0,0,0,0,0,0,0,0,0,0,0,13.51,0,0,0,0,0,0,0,0,0,0,0,0,89.29,0,0,0,0,0,33.56,0,49.5,0,0,31.25,0,0,72.46,0,0,0,7.58,0,11.11,23.81,35.71,19.23,52.63,11.9,13.16,99.19,0,0,0,0,0,0,0,0,0,0,0,43.86,27.78,67.57,0,0,71.43,96.53,80.65,0,47.17,0,21.74,0,5.75,0,0,45.05,0,0,16.67,21.74,29.41,35.71,50.51,42.02,0,56.82,33.33,0,81.97,64.94,0,0,0,60.98,39.68,81.97,84.03,93.11,85.91,0,0,0,37.04,70.42,20,38.46,33.33,23.81,6.94,0,0,0,0,0,0,0,39.37,0,33.78,0,10.64
Dasatinib,15.2173913,0,99.99,99.99,99.97,44.64,60.24,70.42,46.73,52.08,72.46,0,0,0,0,0,0,0,0,0,0,0,5.1,0,0,0,0,99.96,6.67,90.42,0,99.72,50,98.46,0,0,99.72,0,0,0,0,0,0,0,0,0,0,0,0,0,0,0,0,0,0,0,0,0,0,0,0,0,0,0,0,0,0,0,0,0,0,99.88,99.8,0,0,0,25,0,0,0,0,0,0,0,0,0,0,0,0,99.86,99.36,0,27.78,29.41,0,0,0,0,0,80.65,0,99.19,99.83,99.98,99.76,99.95,19.23,0,99.95,99.91,99.92,98.64,99.93,99.99,26.32,96.53,90.09,0,0,0,0,0,0,0,0,0,0,11.9,26.32,11.36,0,99.9,9.09,9.43,0,99.94,99.84,99.48,23.81,0,0,0,0,0,99.93,0,0,0,0,33.78,0,0,0,0,0,0,0,0,0,0,0,0,0,0,33.33,43.86,0,0,0,99.84,0,0,99.96,46.73,85.32,0,29.41,0,0,99.89,8.62,0,0,0,78.13,64.1,61.73,27.78,43.86,13.89,91.74,0,0,0,0,0,0,0,33.33,26.32,0,0,99.34,0,0,0,0,53.76,0,0,0,0,0,0,0,20,19.23,11.63,0,0,0,20.83,0,0,0,12.5,0,0,0,0,0,0,51.55,7.14,0,0,0,0,0,0,0,65.79,0,94.88,54.95,0,0,0,0,0,0,0,0,0,0,0,99.91,99.87,0,43.86,0,0,0,0,0,0,0,0,0,0,0,0,0,0,0,0,0,0,0,0,0,79.37,0,0,0,0,0,0,0,0,0,0,0,0,0,0,0,0,0,0,0,0,0,94.7,46.73,40.65,0,0,0,0,94.16,0,0,0,0,0,0,0,0,0,0,0,0,0,0,0,0,0,29.41,0,0,99.23,98.74,40.98,0,0,99.96,97.47,0,0,0,0,0,39.37,70.42,0,14.71,11.9,0,8.47,17.86,0,97.47,93.81,68.49,14.71,0,0,0,0,20,0,98.89,97.85,0,0,0,0,0,0,99.58,21.74,81.97,0,0,0,9.8,14.71,13.51,6.67,71.43,0,0,0,99.94,12.82,86.36,91.74,0
"Dovitinib (TKI-258, CHIR-258)",7.826086957,74.63,83.33,90.25,0,0,0,0,0,0,0,0,0,0,0,12.5,49.02,37.88,86.36,67.57,0,0,0,64.1,31.25,11.63,90.25,72.46,0,0,13.89,0,0,0,0,0,0,0,0,0,0,0,0,0,0,13.89,0,0,0,0,0,0,0,0,29.41,14.71,0,16.13,0,0,0,73.53,0,0,29.41,0,5.75,6.85,22.73,0,7.14,89.29,0,0,0,0,0,0,0,0,16.13,71.43,0,0,0,0,0,0,27.78,16.67,5.49,19.23,0,0,37.59,21.74,0,0,7.69,0,0,0,0,0,0,0,0,0,0,0,0,0,0,69.44,0,0,0,0,0,0,0,0,0,0,0,0,0,76.92,54.95,68.49,10.42,72.46,87.87,99.87,46.3,17.86,53.19,50.51,66.67,18.52,83.75,27.78,0,58.82,13.16,10.64,50,8.93,0,91.91,54.95,0,0,21.74,0,51.02,0,0,74.63,0,79.37,48.54,0,56.82,79.37,54.95,0,0,0,98.52,22.73,48.54,66.67,0,0,11.9,47.62,25,0,40,74.63,0,0,0,87.57,0,8.33,20.83,47.17,75.76,44.64,0,0,17.86,25,12.82,22.73,92.59,49.02,58.82,0,0,93.98,0,23.81,21.74,0,98.21,0,0,0,99.6,4.81,0,18.52,0,0,71.43,0,51.02,53.76,48.08,0,37.59,12.5,84.46,86.21,0,0,43.1,0,0,0,20,0,15.63,17.86,25,8.2,5.21,37.04,0,0,0,0,0,0,0,0,39.37,0,0,0,53.76,14.29,5.62,90.25,99.25,0,45.05,0,0,0,43.86,5.26,0,0,0,0,0,0,0,0,0,0,20.83,10.42,65.79,0,0,0,0,73.53,4.81,62.5,0,46.73,0,0,0,0,0,0,13.51,0,0,0,0,0,15.15,0,47.17,0,0,0,87.57,54.35,65.79,42.02,60.98,0,0,0,39.68,13.89,0,45.87,0,42.37,0,52.63,0,8.2,61.73,0,9.8,0,46.73,25,0,34.25,0,11.9,62.5,79.37,0,21.74,0,54.35,63.29,66.67,25,0,0,0,48.54,0,44.25,0,0,0,79.37,0,0,0,0,11.11,0,0,16.13,95.42,0,0,0,83.33,40.98,72.46,0,0,0,0,76.92,18.52,5.1,90.09,90.25,74.63,88.03,0,29.41,0,0,0,0,46.3,29.41,97.66,0,0
Enzastaurin (LY317615),-13.04347826,15.63,0,0,0,0,0,0,0,0,0,0,0,0,33.33,0,0,9.09,0,0,0,0,0,0,0,13.16,14.71,0,0,0,0,0,0,0,0,0,0,0,0,0,0,0,15.15,0,0,0,6.94,0,0,0,0,0,9.09,31.25,0,0,0,16.13,0,27.78,0,12.82,0,0,0,0,0,49.5,53.76,0,23.81,0,0,0,0,0,0,0,0,0,0,0,0,0,0,0,0,0,0,0,0,0,18.52,0,39.68,0,75.76,33.33,0,0,0,0,0,0,0,0,0,0,0,0,0,0,0,0,0,0,0,0,0,0,0,0,86.81,0,0,0,0,11.11,0,0,0,0,0,60.24,11.63,0,0,0,0,22.73,0,27.78,0,98.37,0,33.33,40.98,0,29.41,21.74,0,42.37,0,0,0,0,0,0,0,0,0,0,0,0,0,22.73,0,0,0,0,0,0,0,0,0,0,0,0,0,0,0,0,0,0,0,0,0,0,0,0,0,0,0,0,0,0,0,0,0,0,0,0,0,0,8.2,0,15.15,12.5,0,0,0,0,0,0,0,0,0,0,0,20.83,0,6.76,0,0,0,0,68.49,0,0,0,0,0,0,0,0,0,0,0,0,0,0,0,0,0,0,0,0,0,0,10.42,0,0,0,8.62,0,0,0,13.16,0,0,0,9.26,25,10.64,0,0,0,0,0,0,0,0,71.43,36.5,31.25,0,7.04,0,0,60.24,45.87,0,8.93,0,0,0,0,0,0,95.24,98.25,91.58,0,93.28,0,0,0,31.25,74.63,0,0,0,0,0,0,0,0,0,0,0,0,0,0,0,0,0,16.67,0,57.47,0,23.81,0,85.18,69.44,0,95.24,0,21.74,0,0,0,0,0,13.89,10.87,0,0,0,0,0,0,16.67,9.26,0,0,0,0,0,0,0,0,0,0,0,0,0,0,0,49.5,26.32,0,12.82,0,0,0,0,0,0,0,0,0,0,0,0,0,0,0,0,0,0,0,0,0,0,0,0,23.81,0,0
Erlotinib,25.2173913,29.41,60.24,86.81,71.43,0,0,0,0,0,20.83,16.67,0,0,0,29.41,0,0,0,0,0,0,18.52,26.32,45.45,11.11,29.41,72.46,0,0,0,0,0,0,0,0,0,0,0,0,0,0,7.25,0,0,0,0,0,0,0,0,0,0,0,0,0,0,0,0,0,0,0,0,0,0,0,42.37,0,0,0,0,0,4.95,0,0,12.5,50,0,0,0,0,0,0,0,0,7.69,0,0,0,38.76,0,0,14.71,12.82,7.35,5.05,0,0,27.78,99.87,0,0,0,17.24,0,41.32,53.19,26.32,34.72,31.25,0,0,18.52,22.73,14.71,31.25,68.49,0,0,0,16.67,0,0,0,0,0,0,0,0,0,0,31.25,10.2,29.41,19.23,20,0,99.38,10.2,0,6.41,0,0,0,21.74,0,0,0,34.25,0,0,0,0,0,0,0,0,0,0,0,0,0,0,0,11.9,41.67,0,20,10.42,22.73,0,0,66.67,0,0,0,96.34,14.71,35.97,48.54,0,0,0,0,16.67,17.86,0,0,0,0,0,0,0,0,0,0,0,0,0,0,0,0,83.89,0,0,33.78,11.63,27.78,0,42.02,33.33,0,0,0,0,0,0,0,0,0,0,0,0,0,0,34.01,0,0,0,0,0,0,0,0,0,0,0,0,0,0,0,0,0,0,0,0,0,0,0,0,0,0,0,0,0,0,21.74,26.32,0,0,0,0,0,0,0,0,0,0,0,0,0,0,0,0,0,0,0,0,33.33,0,0,0,0,0,0,0,0,0,20.83,0,0,0,0,0,0,0,0,0,0,27.78,0,0,0,0,0,27.78,0,0,0,0,42.37,9.26,0,0,0,0,0,6.67,0,0,0,0,0,0,0,0,0,0,29.41,0,0,0,16.13,95.06,0,0,41.67,0,0,0,5.68,0,0,0,10.2,0,0,0,0,0,0,13.89,0,0,0,0,37.04,0,0,0,10,44.25,0,46.73,0,0,0,0,0,11.9,11.63,0,17.24,11.36,0,0,35.21,8.06,0,0,0,0,0,0,18.52,0,95.24,0,0
Flavopiridol (Alvocidib),23.47826087,8.62,12.82,25,0,20.83,0,13.89,17.24,10,0,0,0,0,0,42.74,0,0,0,0,0,0,0,0,0,12.5,0,0,0,52.63,0,0,0,0,0,0,0,0,0,0,22.73,9.62,23.81,16.13,13.51,86.36,53.76,0,0,0,53.76,89.77,47.62,54.95,98.23,99.34,81.97,95.6,80.65,98.74,0,0,0,98.6,0,0,81.97,22.73,18.52,23.81,0,15.15,0,13.89,17.24,0,0,29.41,0,0,0,0,0,0,0,0,19.23,0,31.25,0,0,0,43.48,0,10.87,20.83,86.66,85.62,0,11.9,36.5,17.86,16.67,13.16,0,12.5,0,0,0,25,0,0,0,0,0,5.15,9.09,0,0,0,0,44.64,60.24,0,0,0,0,0,0,0,0,0,0,0,0,29.41,0,57.47,0,43.48,0,33.78,27.78,40.65,0,6.85,10.64,10.42,20,13.16,0,99.86,0,0,0,13.89,0,0,48.08,0,25,0,0,0,8.33,23.81,23.81,0,8.33,0,0,0,0,0,0,0,0,33.33,18.52,0,0,94.7,0,0,7.58,4.81,0,84.89,10,0,0,0,0,0,0,0,0,0,0,0,29.41,17.86,73.53,0,0,6.85,0,27.78,0,0,13.51,0,8.06,8.77,0,5,13.16,0,0,5.05,0,0,0,0,0,0,0,0,0,0,0,0,0,0,0,0,0,0,0,0,0,0,0,0,0,0,0,0,0,0,0,0,0,53.19,51.02,31.25,7.81,0,0,0,13.16,60.24,81.97,18.52,14.71,0,0,0,0,0,0,0,47.17,39.37,45.45,0,16.13,0,36.5,0,0,0,12.5,0,0,0,0,0,5.62,45.87,56.82,58.82,0,58.82,49.02,31.25,74.63,0,0,8.77,0,0,13.89,0,0,0,0,0,0,0,0,0,10.64,29.41,25,0,27.78,0,0,0,17.86,40.98,33.33,10.42,25,19.23,38.46,11.9,0,0,0,0,0,0,26.32,0,0,26.32,0,0,0,0,22.73,52.63,0,0,0,14.71,78.13,66.67,83.47,51.55,0,0,0,8.2,0,0,0,0,0,0,0,90.09,0,0,0,0,0,0,0,73.53,93.46,0,0,51.55,0,0,88.81,0,0,8.33,0,0,0,0,0,0,0
Foretinib (GSK1363089),-39.13043478,0,98.89,89.93,94.88,0,0,0,0,0,0,0,0,0,0,87.87,40.65,29.41,25,0,0,0,53.19,92.08,97.66,99.98,0,98.93,0,0,0,71.43,12.5,99.15,0,0,86.81,7.81,8.62,0,0,0,0,0,0,47.62,10.2,0,43.86,51.02,70.42,85.18,0,0,0,0,0,99.27,79.37,23.81,0,67.57,10.2,15.63,0,89.77,13.51,47.62,0,0,37.04,99.64,80.65,0,0,0,9.8,0,0,0,0,15.15,0,0,0,13.89,0,0,0,99.96,99.29,95.79,0,73.53,0,0,0,0,20,53.19,33.78,98.78,99.29,99.8,99.62,98.7,99.78,99.5,99.64,97.66,99.23,85.47,97.66,99.74,46.3,25,45.05,0,0,0,0,0,87.26,0,73.53,93.11,81.97,42.02,38.46,35.46,0,92.59,99.25,99.82,99.7,99.25,85.03,0,0,0,0,0,0,0,97.09,54.35,69.44,92.08,99.9,91.91,8.47,0,53.76,7.81,0,26.32,70.42,90.42,0,57.47,0,87.87,0,0,25,0,8.06,42.74,11.36,99.5,0,0,98.81,42.37,22.73,0,99.89,0,81.97,98.21,96.9,21.74,0,0,20.83,9.43,20.83,20,81.97,72.46,99.21,0,0,0,0,0,0,0,97.66,97.47,0,0,99.5,0,62.5,99.95,99.72,16.13,0,87.41,99.27,14.29,33.33,48.54,59.52,43.1,60.24,31.25,99.4,0,0,0,0,97.47,0,17.86,0,15.15,42.02,0,0,0,0,0,0,0,0,0,0,51.55,0,74.63,0,60.98,39.68,90.25,56.18,0,0,10.87,0,0,0,35.97,74.63,66.67,99.11,99.81,0,68.49,0,93.98,94.16,0,0,0,0,0,0,0,0,0,0,0,0,0,0,0,94.7,0,0,0,0,0,0,0,0,0,99.3,0,0,0,0,0,0,0,6.25,0,0,0,0,0,97.28,0,10.2,99.85,0,0,0,37.04,95.97,35.71,49.5,0,21.74,97.28,0,0,0,0,0,0,0,8.93,0,0,0,29.41,0,0,0,75.76,43.86,99.4,0,0,96.15,96.53,0,0,0,0,83.61,68.49,73.53,0,64.1,48.08,11.9,6.76,0,38.46,61.73,65.79,0,0,99.84,99.38,0,0,70.42,95.97,71.43,79.37,99.05,99.19,99.32,0,0,53.76,48.54,9.09,0,99.6,0,0,52.63,97.66,0,0,0,0,0,0,91.24,8.06,98.91,91.74,0
GDC-0879,-4.782608696,0,0,0,0,0,17.24,0,0,0,0,0,0,0,0,0,0,0,0,0,0,0,0,0,0,0,0,0,0,21.74,0,0,99.96,0,0,0,0,0,0,0,0,0,0,0,0,0,0,0,0,0,0,0,0,0,0,0,0,0,0,0,0,0,0,0,0,0,12.5,0,0,0,0,0,0,0,0,26.32,79.37,0,0,0,0,0,0,0,0,0,0,0,0,0,0,0,0,0,0,0,0,0,0,0,0,0,0,0,0,0,0,0,0,0,0,0,0,0,0,17.86,0,0,0,0,0,0,0,0,0,0,0,0,0,0,0,0,0,0,0,0,0,0,0,0,0,0,0,0,0,0,0,0,0,0,0,0,0,0,0,0,0,0,0,0,0,0,0,6.02,0,0,0,0,16.67,0,0,0,0,0,0,0,27.78,0,0,0,0,0,0,0,0,0,0,0,0,17.86,0,0,0,0,0,0,0,0,0,0,0,0,8.93,0,0,0,0,33.33,0,0,0,0,0,0,0,0,0,0,0,0,0,0,0,0,0,0,0,0,0,0,0,0,0,0,0,0,0,0,0,0,0,0,0,0,0,0,0,0,0,0,0,0,0,0,0,0,0,0,0,0,0,0,0,0,0,0,0,0,0,0,0,0,0,0,0,0,0,0,0,0,0,0,0,0,0,0,0,0,0,0,0,0,0,0,0,0,0,0,0,0,0,0,0,0,98.7,0,0,29.41,0,0,16.67,0,0,0,0,0,0,0,0,0,0,0,0,0,0,0,0,0,0,0,0,0,0,27.78,0,0,0,0,0,0,0,0,0,0,0,0,0,0,0,0,0,0,0,0,9.26,0,0,0,0,0,17.86,0,0,0,0,0,0,0,0,0,0,0,0,0,0,0,0,0,0,0,0,0,0,0,0,0,35.46,0,0
GDC-0941,12.17391304,5.21,0,0,0,0,0,0,0,0,0,0,0,0,0,0,0,0,0,0,0,0,0,0,0,0,0,0,0,0,0,0,0,0,0,0,0,9.62,0,6.85,0,0,0,0,0,0,0,0,0,0,0,0,0,0,0,0,0,0,0,0,0,0,0,0,0,0,0,31.25,45.45,0,25,0,0,0,0,29.41,29.41,0,0,0,0,17.24,0,11.11,0,21.74,0,0,0,0,0,0,0,0,0,0,0,11.63,6.17,0,0,0,0,0,0,0,0,0,0,0,0,0,0,23.81,0,0,0,0,0,0,0,0,0,0,0,0,0,0,0,0,0,0,0,16.13,0,0,0,15.63,0,0,0,0,0,0,0,31.25,49.02,45.45,9.09,0,0,5.1,0,0,0,0,0,0,0,22.73,0,0,0,53.76,0,0,25,21.74,47.17,0,0,0,0,0,0,0,0,0,0,0,0,0,0,0,0,0,0,0,0,0,0,0,0,0,0,0,0,0,0,0,0,0,0,0,8.06,0,0,0,0,0,0,0,0,0,0,0,0,0,0,0,0,0,71.43,0,0,0,39.06,0,0,0,0,0,0,0,0,0,0,0,0,0,0,0,0,0,0,0,0,0,0,0,0,0,0,31.25,0,9.8,0,0,0,0,0,0,0,0,0,79.37,62.5,99.78,96.9,99.01,91.24,0,0,0,0,0,0,0,0,0,0,0,0,0,0,0,0,0,16.13,0,0,0,0,0,0,0,0,0,0,0,0,0,0,0,0,0,0,42.74,0,0,0,0,0,0,0,0,0,0,0,0,0,0,14.29,0,0,8.47,0,0,0,0,0,0,0,0,0,0,0,0,0,0,0,31.25,0,0,0,0,0,0,0,0,0,0,0,0,0,0,0,0,0,0,0,0,0,0,0,0,0,0,0,10.42,0,0,21.74,0,0,0,0,0,0,0,0,0,0,0,0,0,11.11,0,0
Gefitinib,22.17391304,0,18.52,51.02,23.81,0,0,0,0,0,0,0,0,0,0,0,0,0,0,0,0,0,0,0,0,21.74,0,29.41,0,0,0,0,0,0,0,0,0,0,0,0,0,0,0,0,0,0,0,0,0,0,0,0,0,0,0,0,0,45.05,0,0,0,0,0,0,0,38.46,27.78,0,0,0,0,0,0,0,0,13.51,53.76,0,0,0,0,0,0,0,0,8.06,0,0,14.71,0,0,0,6.76,0,20,11.63,0,0,0,99.8,0,11.11,0,8.33,0,25,45.87,0,21.74,27.78,0,0,16.67,13.51,12.5,38.76,54.95,0,0,23.81,13.89,0,0,0,0,0,0,0,0,0,0,16.13,0,13.89,0,20,0,97.47,0,0,0,0,0,0,10.2,0,0,0,61.73,0,0,0,0,0,0,0,0,0,87.87,25,48.08,0,0,0,0,0,0,22.73,13.51,0,0,0,44.25,0,0,0,51.55,0,8.33,33.56,0,0,0,0,13.16,19.23,0,0,0,0,0,0,0,0,0,0,0,0,0,0,0,0,45.45,0,0,0,0,21.74,0,63.29,29.41,0,0,0,0,0,0,0,0,0,0,0,0,0,0,20.83,0,0,0,0,0,0,0,0,0,0,0,0,0,0,0,10.64,0,0,0,0,0,0,0,0,0,0,0,0,0,0,0,0,0,0,0,0,0,11.9,15.63,0,0,0,0,0,0,0,0,0,7.94,0,0,0,6.25,0,0,0,0,0,0,0,0,0,0,0,0,0,0,0,12.5,0,0,0,0,0,0,0,0,0,0,0,0,0,0,0,48.54,0,0,0,0,0,0,29.41,0,0,0,0,0,0,0,0,0,0,47.17,0,0,0,19.23,35.21,9.8,0,11.63,0,0,0,0,0,0,0,8.06,0,0,0,0,0,0,0,0,0,0,0,0,0,0,0,6.76,0,0,0,0,0,0,0,0,0,7.69,0,0,0,0,0,0,0,0,0,0,0,0,0,0,0,67.57,0,0
GSK1838705A,32.17391304,0,0,0,0,0,0,0,0,0,0,0,0,0,0,99.89,0,0,0,0,0,0,0,0,0,62.5,0,0,0,0,0,0,0,0,0,0,0,0,0,0,0,0,0,0,51.55,0,0,0,0,0,0,0,0,0,0,0,0,0,0,0,0,0,0,0,0,64.1,0,95.97,96.9,0,89.29,0,0,0,0,12.5,39.06,0,0,0,15.15,0,0,44.64,31.25,29.41,10.87,0,0,0,0,0,0,0,0,0,29.41,34.01,0,10.87,0,0,0,0,0,0,0,0,0,0,0,0,0,0,0,0,17.24,0,0,0,0,0,0,0,71.43,98.17,90.58,0,0,0,0,0,0,0,0,0,0,64.94,0,37.59,0,48.08,0,0,0,27.78,29.41,12.82,29.41,0,0,0,98.62,0,0,0,99.66,98.31,5.56,0,0,0,0,0,8.62,9.62,70.42,49.02,79.37,0,0,0,0,0,0,0,0,40.65,99.78,0,0,0,0,0,0,0,0,0,0,0,0,0,0,0,0,0,0,0,0,0,33.33,35.46,0,0,0,15.63,0,0,0,0,0,0,0,0,0,0,0,0,0,0,0,0,0,0,97.85,0,0,0,0,0,0,0,0,0,0,0,0,0,0,0,0,0,10.64,0,0,0,0,0,0,0,0,0,0,0,0,0,0,0,0,0,0,0,0,31.25,19.23,0,0,0,0,0,0,0,0,0,0,0,0,0,0,0,0,0,0,0,0,91.41,0,0,0,0,0,0,0,0,43.48,0,54.95,0,0,0,0,0,86.81,0,0,0,0,20,0,0,0,0,10.42,0,0,97.09,0,0,0,0,54.95,0,74.63,14.71,0,14.29,0,0,0,0,0,0,0,0,0,0,0,0,0,0,0,6.41,87.72,0,0,0,0,9.62,13.16,0,26.32,0,0,0,0,0,0,0,0,0,0,25,0,0,0,0,0,0,51.55,86.81,0,0,0,0,0,0,0,0,0,0,0,0,0,0,0,0,72.46,0,0
GSK461364,4.347826087,0,0,0,0,0,0,0,0,0,0,0,0,0,0,0,0,0,7.46,0,0,0,0,0,0,0,51.55,0,0,0,0,0,0,0,0,5.68,0,0,0,0,33.33,14.71,44.64,27.78,0,0,0,0,0,0,0,0,0,0,0,0,0,6.1,0,0,0,0,0,0,0,0,0,0,0,0,0,0,0,0,0,0,0,0,0,0,6.41,33.56,0,26.32,14.71,8.33,0,0,0,0,0,0,0,0,0,0,0,0,0,0,0,0,0,0,0,0,0,0,0,0,0,0,0,0,0,0,0,0,0,0,0,0,0,0,0,0,0,0,0,0,0,0,0,44.64,0,0,0,0,10.87,0,15.15,6.25,0,0,0,0,0,0,0,0,0,0,0,0,0,0,0,0,7.25,12.5,0,0,0,0,0,0,0,0,0,0,0,0,0,0,0,0,87.87,0,0,0,0,0,25,0,0,0,0,13.51,0,0,0,0,0,0,0,0,0,0,0,0,0,0,0,0,0,9.8,0,0,0,0,0,0,14.29,0,0,0,0,0,0,0,0,0,0,0,0,0,0,0,0,0,0,21.74,0,65.79,0,0,31.25,0,0,31.25,7.25,0,0,0,0,0,0,0,0,0,0,0,0,0,0,0,0,14.71,0,0,0,0,0,0,0,15.15,0,0,20,13.89,20.83,0,66.67,0,31.25,39.37,6.94,10,0,0,0,0,0,44.64,0,99.98,50,40.32,0,14.29,0,0,7.94,0,0,0,20.83,0,0,0,0,0,0,0,0,0,12.82,0,17.86,0,0,0,0,9.26,0,0,0,40.32,0,0,0,0,72.46,29.41,0,58.82,0,0,0,0,0,0,0,31.25,95.6,0,0,0,0,0,6.17,0,0,0,0,0,0,0,0,0,26.32,0,0,0,0,0,26.32,0,0,0,0,0,0,0,0,0,0,0,0,0,0,0,0,0,0,26.32,0,0,0,0,0,0,0,0,0,0,15.15,0,0
GSK690693,23.91304348,0,0,0,0,0,0,0,0,0,0,0,99.56,99.58,99.4,0,0,0,0,54.35,0,0,0,0,0,0,0,0,0,0,0,0,0,0,0,0,0,0,16.67,0,0,0,0,0,57.47,0,0,0,0,0,0,0,0,0,0,0,0,0,0,0,0,0,0,0,0,8.62,71.43,0,40.65,0,0,0,0,0,0,0,0,0,0,0,0,0,0,14.29,0,47.17,17.24,0,81.97,0,0,0,0,0,0,0,0,0,0,0,0,0,0,0,0,0,0,0,0,0,0,0,0,0,0,0,0,0,0,0,0,0,0,0,0,0,0,0,0,0,0,0,0,0,0,0,0,0,0,45.05,0,56.82,8.77,83.33,0,49.5,56.18,71.43,0,0,0,0,0,0,0,0,0,0,0,0,0,0,0,0,0,0,0,0,0,0,0,78.13,0,0,0,0,0,0,0,0,0,0,0,0,59.52,36.23,0,0,0,0,0,0,0,0,40.98,0,0,0,0,0,0,0,0,0,35.97,0,0,0,0,0,0,0,0,0,0,0,0,0,0,0,0,8.47,0,0,0,0,0,0,0,0,0,0,0,0,0,0,0,0,0,0,0,12.82,0,0,0,0,0,47.62,64.94,0,96.53,95.97,98.25,0,0,0,0,11.36,0,0,0,0,0,0,0,0,0,0,0,0,0,0,34.72,42.37,40,0,25,0,0,96.34,97.47,0,93.63,13.89,99.36,0,0,0,0,90.25,98.95,99.52,66.67,96.9,12.5,0,33.56,70.42,99.38,20,98.58,0,0,0,0,0,0,0,0,0,0,0,0,64.1,71.43,0,0,90.74,0,75.76,0,0,0,0,0,0,0,0,0,0,20.83,0,6.76,0,85.32,0,0,0,0,0,0,0,0,0,16.13,0,0,0,44.64,26.32,5.1,0,0,0,0,0,0,0,0,0,0,0,0,0,0,0,0,0,0,0,0,0,0,0,7.81,17.86,0,0,0,0,0,0,0,0,0,0,93.81,0,0
cFMS Receptor Tyrosine Kinase Inhibitor (GW2580),-18.69565217,0,0,0,0,0,0,0,0,0,0,0,0,0,0,0,0,0,0,0,0,0,0,0,0,0,0,0,0,0,0,0,0,0,0,0,0,0,0,0,0,0,0,0,0,0,0,0,0,0,0,0,0,0,0,0,0,0,0,0,0,0,0,0,0,0,0,0,0,0,0,99.56,0,0,0,0,0,0,0,0,0,0,0,0,0,0,0,0,0,0,0,0,0,0,0,0,0,0,0,0,0,0,0,0,0,0,0,0,0,0,0,0,0,0,0,0,0,0,0,0,0,0,0,0,0,0,0,0,0,0,0,0,0,0,0,0,0,0,0,0,0,0,0,0,0,0,0,0,0,0,0,0,0,0,0,0,0,0,0,0,0,0,0,0,0,0,0,0,0,0,0,0,0,0,0,0,0,0,0,0,0,0,0,0,0,0,0,0,0,0,0,0,0,0,0,0,0,0,0,0,0,0,0,0,0,0,0,0,0,0,0,0,0,0,0,0,0,0,0,0,0,0,0,0,0,0,0,0,0,0,0,0,0,0,0,0,0,0,0,0,0,0,0,0,0,0,0,0,0,0,0,0,0,0,0,0,0,0,0,0,0,0,0,0,0,0,0,0,0,0,0,0,0,0,0,0,0,0,0,0,0,0,0,0,0,0,0,0,0,0,0,0,0,0,0,0,0,0,0,0,0,0,0,0,0,0,0,0,0,0,0,0,0,0,0,0,0,0,0,0,0,0,0,0,0,0,0,0,0,0,0,0,0,0,0,0,0,0,0,0,0,0,0,0,0,0,0,0,0,0,0,0,0,0,0,0,0,0,0,0,0,0,0,0,44.25,93.28,80.65,0,0,0,0,0,0,0,0,0,0,0,0,0,0,0,0,0,0,0,0,0,0
Imatinib,-4.782608696,0,99.78,95.97,98.04,0,0,0,0,0,0,0,0,0,0,0,0,0,0,0,0,0,0,0,0,0,0,49.02,0,0,0,0,0,0,0,0,0,0,0,0,0,0,0,0,0,0,0,0,0,0,0,8.33,0,0,0,0,0,0,0,0,0,0,0,0,0,0,0,10,0,0,19.23,97.85,0,0,0,0,0,0,0,0,0,0,0,0,0,0,0,0,0,99.86,97.09,0,0,0,8.62,0,0,0,0,0,0,0,0,0,0,0,0,0,26.32,0,0,0,0,0,0,0,0,0,0,0,0,0,0,0,0,0,0,0,0,0,0,17.24,0,0,0,25,13.89,33.33,0,0,0,0,0,0,0,0,0,0,34.25,0,0,0,0,0,0,0,0,0,29.41,0,0,0,0,0,0,0,9.09,0,13.89,97.47,0,0,92.59,0,0,0,0,0,0,35.97,0,0,0,0,0,0,0,0,0,0,0,0,0,0,0,0,0,0,0,0,0,0,0,0,20.83,0,0,0,0,0,0,0,0,0,0,0,0,0,0,0,0,0,0,0,0,0,0,0,0,0,0,0,0,0,0,0,0,0,0,0,0,0,0,0,0,0,0,0,0,0,0,0,0,0,0,0,94.16,97.28,0,0,0,0,0,0,0,0,0,0,0,0,0,0,0,0,0,0,0,0,56.82,0,0,0,0,0,0,0,0,0,6.02,0,0,0,0,0,0,0,0,0,0,0,0,0,0,0,22.73,0,0,0,0,0,0,0,0,0,0,0,0,0,0,0,0,0,0,0,0,0,0,0,0,0,0,0,0,0,0,0,0,0,0,0,0,0,0,0,0,0,0,0,0,0,0,0,0,0,0,0,0,0,0,0,0,0,0,10.42,0,0,0,0,0,0,0,0,5.43,0,0,0,0,0,0,0,0,0,0,0,0,0,0,16.13,0
JNJ-28312141,26.52173913,49.02,42.74,56.18,8.62,56.18,98.04,0,0,20.83,0,0,0,0,0,37.31,71.43,99.19,26.32,17.86,0,5.88,0,14.71,14.29,98.95,78.13,97.85,0,57.47,61.73,39.06,0,0,0,0,86.66,0,7.04,7.46,0,0,0,0,0,15.15,0,0,0,0,0,0,0,0,9.09,0,0,0,0,0,0,0,0,0,98.06,0,0,35.71,34.72,0,27.78,99.36,0,0,0,0,0,0,0,0,0,7.46,0,9.09,12.82,9.62,5.68,0,0,98.15,83.33,60.24,0,0,64.94,6.25,0,0,0,0,0,6.85,7.58,23.81,6.1,8.33,10.2,6.94,0,25,13.16,0,15.63,31.25,0,0,0,0,0,0,0,0,0,8.06,11.9,80.65,31.25,12.5,12.2,31.25,0,69.44,90.42,96.71,41.67,8.33,59.52,36.5,86.06,22.73,18.52,37.88,56.82,40.98,11.9,0,12.2,11.11,0,57.47,0,0,31.25,0,0,27.78,60.24,29.41,69.44,0,36.76,50.51,71.43,78.13,98.06,96.53,37.59,26.32,67.57,99.29,13.16,19.23,73.53,0,0,0,22.73,72.46,0,23.81,70.42,0,0,16.67,85.32,69.44,6.94,88.5,70.42,78.13,58.14,0,0,10.64,17.86,7.46,8.62,0,71.43,54.35,58.14,12.82,83.47,13.51,31.25,85.32,42.74,86.06,0,0,0,92.25,0,0,0,0,0,91.24,0,75.76,19.23,29.41,0,8.2,45.87,0,36.5,0,0,0,0,0,0,0,0,0,0,0,0,0,0,0,0,0,0,0,0,0,0,57.47,25,8.2,54.95,0,0,0,94.88,94.7,11.36,0,0,0,0,45.87,22.73,0,0,0,0,0,0,0,17.86,44.64,22.73,45.87,0,11.9,0,0,0,0,17.24,9.62,74.63,0,0,0,94.16,0,0,0,0,0,54.35,60.98,51.02,0,0,0,0,5.43,39.68,0,0,98.19,17.86,0,20,67.57,0,0,40.32,0,0,10,13.51,0,0,0,19.23,0,53.19,27.78,0,14.29,0,0,13.89,31.25,0,14.29,55.56,40.98,79.37,0,17.24,0,22.73,18.52,7.69,96.53,39.06,13.51,0,0,5.26,98.58,22.73,0,18.52,51.55,20,0,31.25,20,0,0,0,0,76.92,18.52,36.5,0,89.93,80.65,88.03,0,13.51,93.63,31.25,98.85,51.55,0,20.83,52.63,35.71,52.08,0,0,0,0,0,0,53.76,13.89,92.76,0,0
Ki-20227,28.26086957,0,84.03,60.98,34.48,0,0,0,0,0,0,0,0,0,0,0,0,0,0,0,0,0,17.86,75.76,76.92,78.13,0,80.65,0,18.52,0,0,0,87.72,0,0,6.33,0,0,0,0,0,0,0,0,0,0,0,0,0,0,0,0,0,0,0,0,0,0,0,0,0,0,0,0,0,0,0,0,0,0,99.83,16.67,0,0,0,49.02,0,0,0,0,0,0,0,0,0,0,0,0,97.66,85.03,0,0,0,0,0,0,0,0,0,0,16.13,0,0,0,0,0,0,11.36,0,0,0,0,99.01,0,0,6.67,0,0,0,0,0,0,0,0,0,0,0,0,0,0,21.74,79.37,67.57,56.18,61.73,6.58,25,0,0,0,0,0,0,53.19,0,0,0,8.93,0,0,0,0,0,0,0,0,0,0,17.86,0,0,0,0,0,0,0,0,0,99.86,0,0,65.79,0,50,0,95.79,0,0,41.32,0,0,0,0,0,0,0,0,0,0,14.29,0,0,0,0,0,0,0,22.73,15.15,0,0,98.54,0,0,52.08,36.5,16.13,0,0,0,0,0,0,0,0,0,6.1,13.51,0,0,0,0,0,0,0,0,0,0,0,0,0,31.25,0,0,0,0,0,0,0,0,14.29,0,0,0,0,0,0,0,0,0,0,0,0,0,0,99.9,99.94,0,21.74,0,0,0,0,0,0,0,0,0,0,0,0,0,0,0,0,0,0,0,0,0,0,0,0,0,0,0,0,78.13,0,0,0,0,0,0,0,0,0,0,0,0,0,0,0,0,16.67,0,0,0,0,63.29,0,0,0,0,0,0,0,0,0,0,0,0,0,0,0,0,0,0,0,0,0,0,89.29,0,0,17.86,55.56,0,0,0,0,0,0,0,0,0,0,0,0,0,0,0,31.25,0,60.98,0,0,0,0,17.86,0,66.67,0,0,0,0,0,0,0,0,0,0,20,0,0,0,96.53,0,0,0,0,0,0,13.89,0,17.24,13.16,0
KW-2449,48.26086957,91.24,88.81,86.96,66.67,78.13,0,60.98,57.47,0,0,0,0,0,0,43.1,53.76,53.19,85.91,0,0,0,43.48,85.03,89.45,73.53,98.12,12.5,20.83,80.65,57.47,20.83,0,0,20.83,29.41,33.33,26.32,48.54,19.23,11.11,0,0,0,0,70.42,51.55,0,0,0,0,0,0,0,37.88,40.65,0,72.46,0,0,0,26.32,0,0,41.32,84.03,43.48,88.65,84.32,7.46,91.07,80.65,10.2,29.41,0,17.86,44.25,29.41,46.3,29.41,29.41,68.49,14.29,58.14,21.74,61.73,20,0,85.32,13.51,19.23,88.18,11.63,19.23,99.42,99.05,73.53,34.72,56.18,0,0,76.92,25,38.17,0,0,25,56.18,0,16.67,0,0,14.71,79.37,0,0,0,0,0,8.33,0,15.63,31.25,12.5,19.23,31.25,40,57.47,37.04,29.41,17.86,53.19,87.26,97.09,27.78,19.23,43.1,65.79,60.24,0,87.57,9.09,0,0,10.42,53.76,62.5,46.3,33.33,88.81,52.08,18.52,35.21,73.53,53.76,59.52,55.56,54.35,91.24,67.57,42.37,67.57,29.41,72.46,86.81,92.76,46.3,68.49,90.74,90.42,9.09,25,29.41,0,0,67.57,97.47,58.82,35.21,13.89,50,0,0,0,87.41,80.65,23.81,97.85,76.92,93.81,65.79,0,29.41,61.73,53.19,27.78,70.42,0,48.54,37.04,76.92,66.67,80.65,37.88,70.42,40,74.63,95.24,0,0,29.41,99.15,43.48,25,68.49,0,0,47.17,38.17,0,31.25,31.25,0,71.43,40.32,90.58,74.63,40.32,7.69,56.18,31.25,13.89,0,8.62,33.33,31.25,17.86,80.65,70.42,49.02,31.25,0,22.73,0,26.32,0,0,19.23,15.63,52.08,25,27.78,56.18,37.59,20.83,0,79.37,94.34,43.48,17.24,0,16.13,36.5,70.42,78.13,0,0,0,0,0,0,0,0,0,0,90.74,0,84.18,0,0,0,0,46.3,36.23,67.57,0,0,0,95.97,0,0,0,0,0,29.41,25,39.06,16.67,38.46,12.2,29.41,64.94,39.68,17.86,0,76.92,91.41,9.09,89.13,88.65,11.9,79.37,43.1,62.5,66.67,0,18.52,31.25,0,20.83,12.82,0,64.1,44.64,6.25,53.19,0,61.73,46.3,68.49,83.89,42.74,47.17,97.47,90.25,0,15.15,15.63,90.09,97.09,71.43,94.52,78.13,44.25,0,35.97,42.74,93.28,21.74,0,33.33,79.37,0,0,0,0,62.5,31.25,15.63,21.74,94.7,46.3,23.81,0,64.94,78.13,66.67,0,17.86,81.97,46.3,75.76,49.02,0,90.42,79.37,80.65,80.65,0,15.15,9.62,10.2,0,0,96.53,10.42,98.97,46.3,34.72
Lapatinib,25.2173913,0,0,0,0,0,0,0,0,0,0,0,0,0,0,0,0,0,0,0,0,0,0,0,0,0,0,0,0,0,0,0,0,0,0,0,0,0,0,0,0,0,0,0,0,0,0,0,0,0,0,0,0,0,0,0,0,0,0,0,0,0,0,0,0,0,0,0,0,0,0,0,0,0,0,0,0,0,0,0,0,0,0,0,0,0,0,0,0,0,0,0,0,0,0,0,0,0,0,99.52,0,0,0,0,0,0,0,0,0,0,0,0,0,0,98.62,8.33,90.25,0,0,0,0,0,0,0,0,0,0,0,0,0,0,0,0,0,0,0,0,0,0,0,0,0,0,0,0,0,0,0,0,0,0,0,0,0,0,0,0,0,0,0,0,0,0,0,0,0,0,0,0,0,0,0,0,0,0,0,10.2,0,0,0,0,0,0,0,0,0,0,0,0,0,0,0,0,0,0,0,0,0,0,0,0,0,31.25,0,0,0,0,0,10.2,0,0,0,0,0,0,0,0,0,0,0,0,0,0,0,0,0,0,0,0,0,0,0,0,0,0,0,0,0,0,0,0,0,0,0,0,0,0,0,0,0,0,0,0,0,0,0,0,0,0,0,0,0,0,0,0,42.74,6.25,0,0,0,0,34.72,0,0,0,0,0,0,0,0,0,0,0,0,0,0,0,0,0,0,0,0,0,0,0,0,0,0,0,0,0,0,0,0,0,0,0,0,0,0,12.2,0,0,0,0,0,0,0,0,0,0,0,0,0,0,0,0,0,0,0,0,0,0,13.16,0,0,0,0,0,0,0,0,0,0,0,0,0,0,0,0,0,0,0,0,0,0,0,0,0,0,0,0,0,0,0,0,0,0,0,0,0,0,0,0,0,0,0,0,0,0,0,0,0,0,0,0,0,0,0
Linifanib (ABT-869),26.08695652,0,0,0,0,0,0,0,0,0,0,0,0,0,0,23.81,0,0,0,0,0,0,23.81,56.18,87.57,59.52,0,0,0,41.32,6.02,0,0,0,0,0,0,0,0,0,0,0,0,0,0,0,0,0,27.78,29.41,92.94,87.11,0,0,0,0,0,14.71,84.03,14.29,0,0,0,0,0,0,0,5.32,0,0,23.81,99.32,0,0,0,0,0,0,0,0,0,0,0,0,0,0,0,0,0,89.61,11.63,0,0,5.68,0,0,0,0,0,0,0,0,0,12.5,0,25,60.24,81.97,0,36.23,26.32,26.32,26.32,93.81,0,0,0,0,0,0,0,0,15.15,0,0,0,0,0,0,0,0,0,98.52,99.87,96.9,55.56,0,17.86,0,0,0,0,0,0,0,0,0,17.86,91.58,37.59,0,0,0,0,0,0,0,11.36,0,0,0,0,0,0,0,0,0,67.57,10.42,99.6,19.23,22.73,0,0,9.62,0,52.08,0,47.62,0,0,0,0,0,0,0,0,0,13.51,0,35.46,0,0,0,0,0,0,0,0,0,0,0,29.41,0,0,36.5,27.78,0,0,9.26,64.94,0,0,0,0,0,0,26.32,6.17,25,0,5.68,0,98.04,0,15.15,0,0,13.51,0,0,0,0,0,0,0,0,0,0,0,0,0,0,0,57.47,0,20,0,0,0,0,0,0,15.15,0,0,99.17,99.62,0,0,0,0,0,0,0,0,0,0,0,0,0,0,0,0,0,0,0,0,0,6.76,0,0,0,0,0,0,0,5.56,17.86,0,0,0,0,0,0,0,0,0,0,0,0,0,0,0,0,83.33,0,0,0,15.15,0,0,0,0,44.25,0,6.49,0,29.41,0,0,0,0,0,0,0,0,15.15,0,0,20.83,0,0,52.63,0,0,0,0,0,0,0,0,11.63,0,0,0,0,0,60.98,0,65.79,0,0,0,0,0,81.97,52.63,0,0,15.15,0,0,0,13.89,31.25,70.42,0,0,0,0,0,0,0,0,0,0,98.41,0,0,0,43.86,64.94,0,0,0,66.67,0,0
LY-333531,28.69565217,35.71,0,0,0,0,0,0,0,0,0,0,0,5.43,26.32,0,0,0,0,21.74,0,0,0,0,0,0,53.76,0,0,0,0,0,0,0,0,0,0,0,10,0,10,0,9.8,6.02,0,9.09,17.24,0,0,0,0,0,0,0,64.1,64.1,0,22.73,0,0,0,0,0,10.87,48.08,11.9,26.32,35.46,54.35,0,20.83,0,0,0,0,0,0,0,0,0,0,6.94,0,34.01,0,5.88,0,0,0,0,0,0,64.1,0,0,0,66.67,8.47,0,0,0,0,0,0,0,0,0,0,0,0,0,0,0,0,0,0,0,0,0,0,0,0,85.03,0,0,0,0,0,0,0,0,0,0,20.83,0,0,0,31.25,0,38.46,45.87,61.73,0,16.13,0,68.49,78.13,86.66,0,16.13,0,67.57,0,0,0,0,0,0,0,0,0,0,0,0,0,29.41,0,0,0,0,16.13,43.86,0,0,0,7.81,64.1,0,0,0,0,0,0,0,41.32,74.63,0,63.29,5.62,0,0,0,0,0,0,0,0,0,0,0,0,34.97,31.25,11.36,0,0,0,61.73,0,6.58,0,0,26.32,0,0,0,0,0,0,34.25,0,0,0,0,63.29,0,0,0,0,0,0,0,0,0,0,0,0,0,0,0,0,0,0,0,0,0,0,0,0,0,0,0,0,16.13,0,0,0,0,41.67,0,0,0,0,11.9,0,0,0,0,0,0,0,0,64.94,22.73,97.66,42.02,49.5,37.59,0,8.47,13.51,0,58.82,25,0,0,0,0,9.62,99.29,97.85,21.74,26.32,99.5,0,35.97,0,0,13.89,0,0,23.81,0,0,0,0,38.17,0,43.48,0,0,0,0,0,0,7.94,7.58,0,27.78,0,55.56,0,12.2,64.1,0,17.86,0,70.42,0,0,26.32,0,0,55.56,60.98,0,0,0,29.41,31.25,23.81,0,16.13,0,0,0,0,0,21.74,11.36,83.75,34.01,0,0,0,0,0,0,19.23,0,0,0,0,0,0,0,0,0,0,0,0,0,0,0,0,0,0,0,0,0,0,0,0,0,0,0,91.24,0,0
Masitinib (AB-1010),5.652173913,0,99.58,90.09,81.97,0,0,0,0,0,0,0,0,0,0,0,0,0,0,0,0,0,0,0,0,0,0,76.92,0,0,0,0,0,0,0,0,0,0,0,0,0,0,0,0,0,0,0,0,0,0,0,0,0,0,0,0,0,0,0,0,0,0,0,0,0,0,0,0,0,0,0,98.5,0,0,0,0,0,0,0,0,0,0,0,0,0,0,0,0,0,98.29,95.06,0,0,0,0,0,0,0,0,0,0,0,0,16.67,0,0,0,0,21.74,0,0,0,0,0,29.41,0,0,0,0,0,0,0,0,0,0,0,0,0,0,0,0,43.86,0,0,0,85.18,78.13,0,0,0,0,0,0,0,42.02,0,0,0,0,0,0,0,0,0,0,0,0,0,0,0,0,0,0,0,0,0,0,0,0,98.41,0,0,94.16,0,0,0,0,0,0,89.13,0,0,0,0,0,0,0,0,0,0,0,0,0,0,0,0,0,0,0,0,0,0,0,0,0,0,0,0,0,0,0,0,0,0,0,0,0,0,0,0,0,0,0,0,0,0,0,0,0,0,0,0,0,0,0,0,0,0,0,0,0,0,0,0,0,0,0,0,0,0,0,0,0,0,0,0,95.24,98.35,0,0,0,0,0,0,0,0,0,0,0,0,0,0,27.78,0,40.98,0,0,0,0,0,0,0,0,0,0,0,0,0,0,0,0,0,0,0,0,0,0,0,0,0,0,0,0,0,0,0,0,22.73,0,0,0,0,0,0,0,0,0,0,0,0,0,0,0,0,0,0,0,0,0,0,0,0,0,0,0,0,35.71,0,0,0,0,0,0,0,0,0,0,0,0,0,0,0,0,0,0,0,0,0,0,0,0,0,0,0,0,0,0,0,0,0,0,0,0,0,0,0,0,0,0,0,0,0,0,0,46.73,0,0,39.37,0
MLN-120B,34.34782609,0,0,0,0,0,0,0,0,0,0,0,0,0,0,0,0,0,0,0,0,0,0,0,0,0,0,0,0,0,0,0,0,0,0,0,0,0,0,0,0,0,0,0,0,0,0,0,0,0,0,0,0,0,0,0,0,0,0,0,0,0,0,0,0,0,0,43.86,17.86,0,33.33,0,0,0,0,0,0,0,0,0,0,0,0,0,0,0,0,0,0,0,0,0,0,0,0,0,19.23,0,0,0,0,0,0,0,0,0,0,0,0,0,0,0,0,0,0,0,0,0,0,0,0,0,0,0,0,0,0,0,0,0,0,0,0,0,0,0,0,0,0,0,0,0,0,0,0,0,0,0,0,0,0,0,0,33.33,96.34,0,0,0,0,0,0,0,0,0,0,0,0,0,0,0,0,0,0,0,0,0,0,0,0,0,0,0,0,0,0,0,0,0,0,0,0,0,0,0,0,0,0,0,0,0,0,0,0,0,0,0,0,0,0,0,0,0,0,0,0,0,0,0,0,0,0,0,0,0,0,0,0,0,0,0,0,0,0,0,0,0,0,0,0,0,0,0,0,0,0,0,0,0,0,0,0,0,0,0,0,0,0,0,0,0,0,0,0,0,0,0,0,0,0,0,0,64.94,0,0,0,0,0,0,0,0,0,0,0,0,0,0,0,0,0,0,0,0,0,0,0,0,0,0,0,0,0,0,0,0,0,0,0,0,0,0,0,0,0,0,0,0,0,0,0,0,0,0,0,0,0,0,0,0,0,0,0,0,0,0,0,0,0,0,0,0,0,0,0,0,0,0,0,0,0,0,0,0,0,0,0,0,0,0,0,0,0,0,0,0,0,0,0,0,0,0,0,0,50,0,0,0,0,0,0,0,0,0,0,0,0,0,0,0,0
MLN8054,20.43478261,0,31.25,35.97,13.16,0,0,0,0,0,0,0,0,0,0,0,0,0,0,0,0,0,98.72,92.08,95.06,53.19,0,88.03,0,0,0,13.89,0,0,0,0,10.64,0,0,0,0,0,0,0,0,0,0,0,0,0,0,0,0,0,0,0,0,0,0,0,0,0,0,0,0,0,0,0,13.51,17.86,0,0,5.26,0,0,0,0,0,0,0,0,0,0,0,5.21,0,0,0,0,10.64,0,0,0,0,72.46,98.41,0,0,0,0,0,21.74,57.47,19.23,54.35,26.32,46.3,33.33,0,60.24,0,12.5,47.17,0,0,0,0,0,0,0,0,0,0,0,0,10.2,0,17.24,22.73,29.41,0,69.44,33.33,0,13.89,0,27.78,0,0,0,0,0,0,0,25,0,0,0,0,0,0,0,0,0,0,0,0,0,0,26.32,0,0,0,0,0,0,0,0,0,0,0,0,45.87,0,0,0,11.9,0,0,26.32,0,0,0,0,0,0,0,0,0,0,0,0,0,0,0,0,0,0,0,0,0,0,0,0,0,40.65,0,0,0,0,0,0,0,0,0,0,0,0,0,0,0,0,0,0,0,0,0,0,0,0,0,0,0,0,0,0,0,0,0,0,0,0,0,0,0,0,0,0,0,0,0,0,0,0,0,0,0,0,0,0,0,0,0,0,0,0,0,0,0,0,0,0,0,0,0,0,0,0,0,0,0,0,0,0,0,0,0,0,54.95,0,0,0,0,0,0,0,0,0,0,0,0,0,20,0,0,0,0,0,0,0,0,0,0,0,0,13.89,0,0,0,0,9.43,0,0,0,0,0,0,0,0,0,0,22.73,0,0,0,0,38.46,0,0,0,0,0,0,0,0,0,0,0,0,0,0,0,40.65,0,0,0,23.81,62.5,0,0,0,17.24,0,0,0,0,0,0,0,0,0,0,0,13.89,0,0,0,0,0,0,0,0,0,0,65.79,0,0,0,0
Motesanib Diphosphate (AMG-706),-10.86956522,0,42.37,6.94,10,0,0,0,0,0,0,0,0,0,0,0,0,0,0,0,0,0,0,0,20.83,0,0,18.52,0,0,0,0,44.25,33.33,0,0,0,0,0,0,0,0,0,0,0,0,0,0,0,0,0,0,0,0,0,0,0,0,0,0,0,0,0,0,0,0,62.5,0,0,0,0,98.89,0,0,0,0,0,0,0,0,0,0,0,0,0,0,0,0,0,65.79,0,0,0,0,0,0,0,0,0,27.78,0,0,0,0,0,0,50.51,0,0,0,0,0,0,0,0,0,0,0,0,0,0,0,0,0,0,0,0,7.46,0,0,6.85,6.76,97.66,87.57,98.1,83.47,15.15,0,10.2,0,0,0,0,0,5.49,0,0,0,0,0,0,0,0,0,0,0,0,0,0,0,0,0,8.77,0,0,0,0,0,0,99.27,0,0,58.14,0,0,0,31.25,0,0,75.76,0,0,0,0,6.76,19.23,0,0,0,7.94,0,0,0,0,0,0,0,0,0,0,0,0,0,0,0,0,0,0,0,0,0,0,0,0,0,0,0,0,0,0,0,0,0,0,0,0,0,0,0,0,0,0,0,0,0,0,0,0,0,0,0,0,0,0,0,0,0,0,0,0,0,0,0,0,0,0,98.04,98.21,0,0,0,0,0,0,0,0,0,0,0,0,0,0,0,0,0,0,0,0,0,0,0,0,0,0,0,0,0,0,0,0,0,0,0,0,0,0,0,0,0,0,0,0,0,0,36.23,97.28,0,0,0,0,5.1,0,0,0,0,0,0,0,0,0,0,0,0,0,0,0,0,0,0,0,0,0,0,27.78,0,0,0,0,0,0,0,0,0,8.47,0,0,0,27.78,0,0,0,0,0,0,0,0,0,0,0,0,0,0,0,69.44,0,0,0,0,0,0,0,0,0,0,0,0,0,95.06,0,0,0,0,0,0,9.09,0,71.43,98.43,0
Neratinib (HKI-272),-153.0434783,0,0,0,0,0,0,0,0,0,0,0,0,0,0,0,0,0,0,25,0,0,0,0,0,72.46,0,85.47,0,0,0,0,0,0,0,0,75.76,0,8.2,0,0,0,0,0,0,0,0,0,0,0,0,0,0,0,0,0,0,8.93,0,0,0,0,0,0,8.06,37.04,0,0,0,0,0,42.74,47.62,0,0,0,63.29,0,7.04,6.02,0,0,0,0,0,0,0,0,0,0,0,57.47,0,0,59.52,31.25,0,0,0,99.78,0,0,0,0,0,0,0,0,0,0,0,0,0,15.15,98.81,98.48,99.52,0,0,0,0,0,0,0,20.83,49.5,45.87,0,0,0,0,20.83,0,8.47,0,0,7.25,66.67,83.89,0,0,0,0,0,50.51,0,0,0,25,84.32,0,0,0,0,0,0,14.29,9.8,17.86,0,0,0,0,0,0,20,13.16,0,16.67,0,0,0,80.65,0,0,0,97.47,0,0,37.88,40.32,0,0,0,52.63,79.37,92.76,69.44,98.48,60.24,99.87,0,0,0,0,0,0,8.33,97.28,95.06,0,0,88.81,0,23.81,55.56,11.11,94.52,48.54,0,0,0,8.47,9.8,7.94,0,0,64.94,5.62,89.61,98.72,98.54,0,0,0,0,0,0,0,0,0,0,0,66.67,17.24,0,0,0,0,0,0,0,0,0,0,0,0,70.42,86.36,0,0,6.25,0,17.86,0,0,0,0,0,0,0,0,0,0,0,0,0,0,0,0,0,0,0,0,0,0,0,0,0,0,0,0,0,0,0,0,0,0,0,0,0,0,0,0,37.88,31.25,17.24,0,0,0,0,0,5.88,0,0,0,0,0,0,0,0,0,7.25,0,0,0,0,0,0,0,6.33,0,0,10.87,0,0,0,0,0,0,0,69.44,13.16,88.34,78.13,0,10.87,0,0,0,0,0,34.72,10,8.62,0,8.93,0,0,0,10.64,0,0,0,0,0,56.18,14.29,0,0,78.13,0,42.37,0,0,0,0,0,0,0,9.43,0,0,0,0,0,0,0,0,10.87,27.78,0,7.25,0,67.57,97.66,96.9,25,0
Nilotinib,-0.434782609,0,98.04,97.47,95.06,0,0,0,0,0,0,0,0,0,0,0,0,0,0,0,0,0,0,0,0,0,0,50,0,0,0,0,22.73,0,0,0,0,0,0,0,0,0,0,0,0,0,0,0,0,0,0,0,0,0,0,0,0,0,0,0,0,0,0,0,0,0,0,19.23,0,0,6.58,91.74,17.24,0,0,0,0,0,0,0,0,0,0,0,0,0,0,0,0,99.78,93.81,0,0,0,0,0,0,0,0,0,0,45.87,68.49,81.97,60.24,20.83,43.86,0,93.11,27.78,43.86,33.33,40.65,50,0,0,0,0,0,0,0,0,0,0,0,0,0,0,0,0,0,60.98,0,0,0,85.32,23.81,0,0,0,0,0,0,0,56.18,0,0,0,0,35.97,0,0,0,0,0,0,0,0,0,0,0,0,0,0,0,0,52.63,7.94,20,94.52,0,0,91.41,0,0,0,6.85,0,0,83.33,0,0,0,0,0,0,0,0,0,0,0,0,0,0,0,0,0,0,0,0,0,0,72.46,0,0,0,0,0,0,0,0,0,0,0,0,0,35.46,0,0,0,0,0,0,0,0,0,0,0,0,0,0,0,0,0,0,0,0,0,0,0,0,0,0,52.08,93.28,0,0,0,0,0,0,0,0,0,0,0,73.53,87.26,0,38.76,0,0,0,0,0,0,0,0,0,0,0,0,0,0,0,0,0,0,5.38,0,0,0,0,0,0,0,0,0,0,0,0,0,0,0,0,0,0,0,0,0,0,0,0,0,11.36,36.5,0,0,0,0,0,0,0,0,0,0,0,0,0,0,0,0,0,0,0,0,0,0,0,0,0,0,0,0,0,0,20.83,0,0,0,0,0,0,0,0,0,0,0,9.62,0,22.73,0,0,0,0,0,33.33,33.33,0,0,0,0,0,58.14,0,50.51,45.45,0,0,0,0,0,0,0,0,0,0,0,0,0,0,0,0,0,31.25,0,0,97.85,0
Nintedanib (BIBF 1120),-13.47826087,88.81,68.49,88.65,20,45.45,9.26,0,0,10.64,0,0,0,0,0,94.16,85.18,85.62,0,75.76,0,0,0,54.35,72.46,97.66,99.56,56.82,0,0,89.93,0,0,0,0,0,61.73,7.81,18.52,65.79,12.2,0,0,0,11.9,44.25,35.21,0,0,0,0,0,26.32,0,75.76,40.98,0,62.5,0,0,0,27.78,0,0,63.29,0,0,98.27,39.68,0,96.53,91.24,0,0,0,27.78,68.49,0,0,0,6.25,35.97,0,0,13.51,19.23,48.08,0,39.37,97.66,92.25,78.13,0,0,81.97,42.74,0,23.81,0,0,0,29.41,14.71,5.49,0,0,34.72,0,0,47.62,0,0,31.25,78.13,0,0,0,0,0,0,0,16.67,0,20,70.42,87.26,29.41,84.46,58.82,84.32,21.74,62.5,88.81,99.25,84.03,15.63,44.25,0,20,33.33,96.71,29.41,53.76,85.76,8.62,27.78,38.76,37.04,29.41,93.46,0,22.73,88.97,10,0,74.63,95.42,95.97,80.65,8.62,38.17,70.42,16.67,99.05,97.28,98.39,44.25,0,64.94,98.87,54.35,56.82,98.78,0,0,96.53,85.18,91.58,76.92,34.72,78.13,0,0,26.32,98.15,93.63,0,63.29,63.29,76.92,56.18,0,0,26.32,26.32,39.37,20,9.8,98.04,92.25,19.23,11.9,99.64,0,99.03,98.33,71.43,85.91,0,0,0,81.97,69.44,17.86,41.67,0,0,98.23,0,92.94,81.97,91.07,0,45.87,63.29,11.11,53.19,0,15.63,0,0,0,0,0,0,0,0,0,0,0,0,0,27.78,0,0,0,0,0,13.16,70.42,14.29,0,27.78,95.97,84.32,49.5,96.9,97.09,15.15,29.41,0,0,51.55,78.13,65.79,0,0,0,0,0,0,0,0,0,0,91.07,0,96.71,0,0,0,0,40.32,26.32,99.29,0,0,0,90.42,0,0,0,0,8.33,33.56,40.98,43.86,97.28,0,0,0,98.35,86.06,0,0,94.16,95.6,0,93.28,67.57,0,53.19,0,0,0,11.9,44.64,0,71.43,0,73.53,0,88.5,89.61,0,68.49,0,72.46,81.97,20,33.33,42.74,64.1,90.74,95.97,0,46.3,0,93.11,93.28,97.66,96.53,31.25,38.17,0,49.02,0,99.19,0,0,0,76.92,0,0,10.64,0,18.52,26.32,0,0,90.42,70.42,23.81,0,99.11,96.34,93.98,0,7.58,95.79,36.76,93.11,50,9.26,59.52,56.82,89.29,99.42,0,14.71,0,0,0,0,86.21,0,98.97,0,12.5
Pazopanib,0.869565217,14.71,44.64,43.48,14.29,0,0,0,17.24,0,0,0,0,0,0,18.52,0,0,0,0,0,0,6.58,0,40,0,5.38,16.13,0,33.33,0,0,40.65,17.86,0,0,0,19.23,0,11.9,0,0,0,0,0,0,0,0,19.23,27.78,0,0,0,0,0,0,0,0,0,0,0,0,0,0,0,0,0,0,0,0,0,98.44,0,0,0,0,0,0,0,0,0,0,0,0,0,0,0,0,0,89.77,83.61,0,0,0,0,0,0,0,0,0,0,0,0,0,0,0,0,0,0,0,0,0,0,86.06,0,0,0,0,0,0,0,0,0,0,0,15.63,26.32,33.56,70.42,40.32,15.15,23.81,97.28,31.25,94.88,40,15.63,71.43,0,0,0,0,0,0,8.06,0,0,0,0,40,0,0,0,0,0,0,0,0,7.81,38.46,0,0,0,0,22.73,6.76,20,0,20.83,99.44,0,0,29.41,40.98,56.18,0,85.62,0,6.85,31.25,0,0,14.71,0,63.29,0,0,15.63,23.81,18.52,14.29,0,0,0,0,11.11,0,0,0,0,0,45.87,51.02,10.87,0,13.16,20,0,0,0,0,0,63.29,19.23,40.32,0,0,0,0,0,0,0,0,0,0,20,0,0,0,0,0,0,0,33.78,0,0,6.41,0,0,0,0,10.2,0,0,0,0,0,0,0,0,0,0,0,29.41,0,0,99.03,99.6,0,57.47,0,0,0,0,0,0,0,0,0,0,0,34.25,0,0,0,0,20.83,0,64.1,0,0,0,0,0,0,0,0,0,63.29,0,0,0,0,0,0,0,0,0,0,20.83,0,0,0,0,35.71,61.73,0,45.05,0,65.79,46.3,0,0,0,0,35.21,0,0,0,0,0,0,0,0,0,0,0,0,0,0,0,18.52,6.41,67.57,0,0,15.15,16.67,0,0,0,58.14,0,0,51.55,0,9.62,0,67.57,21.74,91.74,0,0,0,0,14.29,41.67,13.16,0,0,61.73,0,0,0,0,0,0,0,0,76.92,16.13,12.82,0,0,0,0,0,97.28,0,0,0,0,0,0,9.09,0,34.72,0,0
PD173955,10.43478261,0,99.7,99.88,99.86,75.76,83.89,98.04,98.21,87.87,35.46,94.88,0,0,0,0,0,0,0,0,0,0,0,0,8.93,0,0,99.7,74.63,99.21,0,93.98,98.87,91.24,12.82,5.32,69.44,0,0,0,0,0,0,0,0,0,0,0,0,0,0,0,0,0,0,0,0,0,0,0,0,0,0,0,0,0,0,0,0,0,0,99.87,89.29,0,0,0,0,0,0,0,0,0,0,0,0,0,0,0,0,99.52,97.66,0,0,66.67,0,0,0,0,0,33.33,0,98.72,99.25,98.5,98.37,97.28,87.72,0,98.83,99.13,96.34,59.52,97.66,99.6,0,78.13,34.72,0,0,74.63,31.25,0,0,0,0,12.5,42.37,88.97,94.16,91.24,50.51,99.52,95.6,76.92,40.32,99.19,99.03,98.39,95.06,0,0,0,0,0,99.34,0,0,0,0,70.42,0,0,0,0,0,0,0,0,0,0,0,0,60.24,0,83.33,49.5,25,0,0,99.64,0,0,99.78,33.56,61.73,0,21.74,6.25,0,99.56,0,0,0,0,44.25,53.76,89.93,29.41,56.18,36.23,68.49,0,0,0,4.81,40.32,0,0,37.59,20.83,8.77,60.24,89.61,10.87,0,0,37.59,45.45,0,0,0,78.13,54.95,8.62,47.62,27.78,31.25,10.2,16.67,25,16.13,10.87,0,0,0,72.46,0,0,0,0,0,5.68,14.29,81.97,0,0,35.97,0,0,0,7.25,93.46,0,88.18,83.75,0,0,0,0,0,0,0,0,0,0,0,98.89,99.72,0,13.16,0,0,0,0,0,0,0,0,0,0,0,0,0,0,0,0,0,0,68.49,0,0,91.91,0,0,0,0,0,19.23,0,0,0,0,0,0,0,0,0,0,0,0,0,0,9.09,83.47,95.6,87.57,0,0,0,12.5,96.9,0,0,0,0,0,0,0,0,0,0,0,0,0,0,0,0,0,0,31.25,0,98.72,95.06,11.9,0,0,99.86,45.45,0,0,0,0,0,58.14,63.29,0,54.95,0,38.17,53.19,56.18,0,45.45,86.36,25,64.94,29.41,64.1,0,0,53.76,58.14,94.88,91.41,0,0,7.35,0,0,0,93.46,53.76,0,52.63,0,0,0,42.02,0,87.57,89.77,16.67,29.41,0,99.54,15.63,67.57,62.5,0
PD184352 (CI-1040),4.782608696,0,0,0,0,0,0,0,0,0,0,0,0,0,0,0,0,0,0,0,0,0,0,0,21.74,0,0,0,0,0,0,0,0,0,0,0,0,0,0,0,12.82,0,0,0,0,0,0,0,0,0,0,0,0,0,0,0,0,0,0,0,0,0,0,0,0,0,0,0,0,0,0,0,0,0,0,0,0,0,0,0,0,0,0,0,0,0,0,0,0,0,0,0,0,0,0,0,0,0,0,0,0,0,0,0,0,0,0,0,0,0,0,0,0,0,0,0,0,0,0,0,0,0,0,0,0,0,0,0,0,0,0,0,0,0,0,0,0,0,0,0,0,0,0,0,0,0,0,0,0,0,0,0,0,0,0,0,0,0,0,0,0,0,0,0,0,0,0,0,0,0,0,0,0,0,0,0,0,0,0,0,0,0,0,0,0,0,0,0,0,0,0,0,0,0,0,0,0,0,80.65,57.47,0,0,0,0,0,0,0,0,0,0,0,0,0,0,0,0,0,0,0,0,0,0,0,0,0,0,0,0,0,0,0,0,0,0,0,0,0,0,0,0,0,0,0,0,0,0,0,0,0,0,0,0,0,0,0,0,0,13.89,0,0,0,0,0,0,0,0,0,0,0,0,0,0,0,0,0,0,0,0,0,0,0,0,0,0,0,0,0,0,0,0,0,0,0,0,0,0,0,0,0,0,0,0,0,0,0,0,0,0,0,0,0,0,0,0,0,0,0,0,0,0,0,0,0,0,0,0,0,0,0,0,0,0,0,0,0,0,0,0,0,0,0,0,0,0,0,0,0,0,0,0,0,0,0,0,0,0,0,0,0,0,0,0,0,0,0,0,0,0,0,0,0,0,0,0,0,0,0,0,0,0,0,0,0,0,0,0,0,0,0
PHA-665752,-62.60869565,60.98,16.13,5.75,6.76,0,0,0,0,0,0,0,0,0,0,15.63,61.73,39.37,0,44.64,0,0,0,20,62.5,81.97,91.41,20.83,0,0,7.46,0,0,0,0,0,0,19.23,25,0,12.82,0,14.71,20,0,88.65,87.26,22.73,0,0,0,0,0,0,16.67,56.82,0,79.37,0,21.74,0,17.24,0,0,0,0,0,40.65,54.95,12.2,0,41.67,0,0,0,10.64,36.76,0,0,0,0,8.2,0,0,0,0,26.32,33.56,10,87.72,6.17,42.74,0,0,11.11,12.5,0,0,0,0,0,0,0,0,0,0,0,0,11.36,0,0,0,0,14.71,0,0,0,0,0,0,0,22.73,0,0,20.83,0,0,0,8.77,8.77,0,20.83,0,66.67,26.32,0,0,27.78,12.82,31.25,54.35,89.13,0,0,0,84.32,80.65,88.81,27.78,76.92,26.32,55.56,0,0,0,41.67,17.86,12.5,23.81,45.05,16.67,0,0,15.63,53.76,51.55,0,0,0,13.51,0,0,60.98,0,0,16.13,63.29,0,0,0,13.51,35.97,0,0,8.77,7.81,21.74,12.2,50.51,64.1,86.36,0,0,0,12.2,0,0,0,31.25,33.78,0,0,26.32,0,0,27.78,99.95,66.67,0,0,0,0,0,0,0,0,0,0,20,20.83,0,11.63,0,0,5.95,34.25,0,0,0,0,0,0,0,45.45,0,0,0,0,0,0,5.43,0,0,0,0,0,0,14.71,0,31.25,0,0,16.13,31.25,36.23,25,20,20.83,0,0,0,49.5,27.78,20.83,17.24,0,0,0,0,0,0,0,0,0,0,64.1,0,23.81,0,0,0,0,0,0,0,0,5.68,0,54.95,0,0,0,0,0,0,0,0,0,0,0,0,16.13,35.46,0,0,42.02,51.55,0,56.18,25,0,0,0,0,5.43,14.29,0,0,0,31.25,0,0,4.81,0,0,6.85,0,10.87,0,0,0,0,16.67,58.82,35.46,0,0,0,92.42,50,23.81,9.43,37.31,0,0,0,0,8.62,52.08,29.41,92.08,34.01,0,0,0,0,29.41,6.94,0,0,61.73,0,0,0,60.98,38.46,34.97,0,19.23,0,0,0,7.04,20,20,25,0,0,0,0,0,0,0,0,26.32,0,86.51,0,0
PI-103,24.34782609,0,0,0,0,0,0,0,0,0,0,0,0,0,0,0,0,0,0,0,0,0,0,0,0,0,0,0,0,0,0,0,14.71,0,0,0,0,0,0,0,0,0,0,0,0,0,0,0,0,0,0,0,0,0,0,0,0,6.49,0,0,0,0,0,0,0,0,0,11.36,8.33,7.81,0,0,0,0,0,0,0,0,0,0,8.47,14.71,0,17.24,15.63,37.31,0,0,0,0,0,0,0,0,0,0,0,8.06,10.87,0,0,0,0,0,0,0,0,0,0,0,0,0,0,0,0,0,0,0,0,0,0,0,0,0,0,0,0,0,0,0,0,0,0,16.67,0,0,0,0,0,0,0,0,0,0,0,13.16,63.29,61.73,0,0,0,0,0,22.73,0,0,0,0,0,0,0,0,0,20,0,0,0,0,0,0,0,0,0,0,12.5,0,0,0,0,0,0,0,0,0,0,0,0,0,0,0,0,0,0,0,0,0,0,0,0,0,0,0,0,0,0,0,0,0,0,0,0,0,0,0,0,21.74,0,0,0,0,0,0,97.66,0,25,0,0,0,0,0,0,0,0,0,0,0,0,0,0,0,0,0,0,0,0,0,0,0,0,0,0,0,0,0,0,0,0,0,0,0,0,0,0,0,0,98.04,92.42,99.7,99.66,96.71,96.9,12.5,0,0,0,0,0,0,44.64,0,0,0,0,0,0,0,0,0,0,0,0,0,0,0,0,0,0,0,0,0,0,0,0,0,11.9,0,0,39.37,0,0,0,0,0,0,0,0,0,0,0,0,0,0,0,0,0,0,0,0,0,0,0,0,0,0,0,0,0,0,0,0,0,0,0,0,0,0,0,0,0,0,0,0,0,0,0,0,0,0,0,0,0,0,0,0,0,0,0,0,0,0,0,0,7.81,0,0,0,0,0,0,0,0,0,0,0,0,0,34.97,0,0
PKC-412,35.2173913,91.24,0,0,0,0,0,0,0,0,0,0,34.48,39.06,10.2,64.94,73.53,52.08,0,92.42,0,0,80.65,88.97,74.63,44.64,69.44,50,0,0,0,0,0,0,29.41,43.48,0,20,42.74,21.74,96.15,70.42,93.28,78.13,0,79.37,87.26,0,0,0,0,6.49,0,0,0,0,0,0,0,0,0,0,0,0,27.78,0,0,58.82,36.76,12.2,54.95,60.24,5.43,0,0,0,0,0,0,0,0,0,0,9.62,35.97,21.74,0,0,0,6.49,0,0,11.63,0,20.83,9.62,83.33,60.24,0,27.78,0,0,0,0,0,0,0,0,0,0,0,0,0,13.89,0,0,13.89,0,0,0,0,0,0,17.86,0,29.41,0,23.81,17.24,22.73,0,40.65,52.63,97.85,42.74,17.24,19.23,56.82,92.76,85.47,81.97,91.24,16.67,21.74,40.98,0,13.89,17.86,34.48,19.23,67.57,7.81,0,11.63,7.35,75.76,0,0,0,73.53,0,0,42.74,0,84.18,97.66,10.2,9.09,12.2,69.44,31.25,18.52,64.1,0,0,58.82,45.87,46.73,14.29,10.64,15.15,0,0,0,78.13,70.42,0,16.67,80.65,43.48,31.25,0,0,74.63,83.33,95.97,57.47,72.46,0,0,8.62,9.43,0,7.14,64.1,14.71,42.02,74.63,0,0,34.48,17.86,97.09,38.76,96.71,0,0,92.59,0,69.44,0,0,0,0,20,0,43.86,0,0,0,0,0,0,0,0,0,0,0,0,0,0,0,0,0,0,0,0,19.23,13.16,73.53,0,0,0,0,0,0,56.82,81.97,72.46,34.48,0,0,0,35.71,26.32,0,46.73,0,0,0,0,0,47.17,13.89,47.17,61.73,0,64.94,0,40.98,67.57,0,98.17,97.09,0,0,0,0,88.34,60.98,48.08,63.29,0,35.21,0,7.35,13.51,66.67,87.11,6.76,34.25,90.09,43.1,83.61,0,58.82,29.41,83.75,54.35,0,0,0,9.62,6.02,17.86,53.76,65.79,0,67.57,0,42.02,0,40.32,40.65,0,25,0,27.78,0,0,26.32,75.76,47.17,69.44,88.81,0,29.41,0,92.25,60.24,86.21,64.1,72.46,0,0,0,85.03,79.37,0,0,0,98.17,0,0,0,0,26.32,20.83,0,0,23.81,85.76,80.65,0,56.82,61.73,22.73,0,9.43,58.82,0,66.67,0,0,0,0,27.78,13.51,0,9.8,0,17.24,0,0,34.48,21.74,97.09,0,16.13
PLX-4720,44.34782609,0,52.08,17.86,15.63,0,0,0,13.51,0,0,0,0,0,0,0,0,0,0,0,0,0,0,17.86,16.67,0,0,31.25,0,13.89,0,0,60.24,91.24,0,0,0,20.83,0,0,0,0,0,0,0,0,0,0,0,0,0,41.67,0,0,0,0,0,0,20.83,0,0,0,0,0,0,0,0,7.04,16.13,0,0,15.63,18.52,0,0,0,0,0,10.87,0,0,0,0,0,0,0,5.81,0,16.67,17.24,10.87,0,0,0,0,0,0,0,15.63,0,0,0,0,0,0,0,0,0,0,0,0,0,0,36.76,0,0,0,0,0,0,0,0,0,0,0,0,12.2,8.62,13.89,0,0,88.97,20.83,27.78,0,20.83,17.86,0,27.78,0,0,0,0,0,15.63,8.33,9.09,4.9,8.47,0,0,0,0,0,0,0,0,0,0,0,0,0,0,0,0,0,0,0,0,73.53,0,0,21.74,17.24,44.64,0,0,0,0,31.25,0,0,0,0,0,0,0,0,0,0,13.51,0,0,0,0,0,0,0,47.62,31.25,0,72.46,99.97,0,0,0,0,6.58,0,0,0,0,0,0,0,0,0,0,0,0,0,0,0,0,0,0,12.82,0,0,0,0,0,72.46,9.09,0,0,0,0,0,0,0,0,11.36,0,0,0,0,26.32,0,0,0,0,0,0,0,0,72.46,71.43,0,99.66,0,0,0,0,0,0,0,0,0,0,0,29.41,0,0,0,0,0,0,0,0,0,0,0,0,0,0,0,0,12.5,0,0,0,0,0,0,0,0,0,0,0,0,0,0,0,74.63,0,0,39.37,0,8.93,53.76,0,0,0,0,0,0,0,0,0,0,0,0,0,0,0,0,0,0,0,6.49,49.02,20.83,8.93,0,0,9.62,95.97,0,0,0,20.83,0,0,14.71,0,0,0,0,0,0,0,0,25,0,35.97,0,0,0,0,16.67,0,31.25,0,0,0,0,0,0,0,0,0,0,0,0,0,0,19.23,0,0,0,0,0,0,21.74,0,0,92.42,0
PP242,73.91304348,23.81,76.92,87.87,29.41,99.21,89.61,96.53,98.5,99.42,13.51,12.5,0,0,16.13,31.25,0,0,16.13,0,0,0,0,0,0,29.41,7.69,67.57,88.65,99.58,84.89,42.74,36.23,33.33,97.28,92.25,13.51,0,25,0,8.2,0,0,0,0,0,11.63,23.81,0,0,0,16.67,0,0,6.41,5.49,0,8.33,7.35,0,0,0,0,0,0,14.71,0,35.46,33.33,0,38.46,13.16,20,58.14,20,60.98,94.16,11.36,14.29,16.13,29.41,34.72,0,83.75,84.18,92.42,0,0,37.88,40.32,7.58,0,78.13,0,0,13.51,17.86,0,89.45,17.24,0,83.47,44.64,56.18,33.78,13.89,70.42,0,66.67,20.83,47.17,0,0,5.26,14.71,80.65,0,0,0,0,0,0,0,0,0,0,0,46.73,70.42,43.1,31.25,75.76,29.41,25,67.57,46.73,62.5,60.98,0,34.97,0,26.32,0,0,72.46,62.5,58.82,79.37,18.52,19.23,0,0,0,0,0,0,0,0,11.9,33.33,10.42,0,62.5,11.9,97.85,85.32,0,0,0,58.14,0,11.11,71.43,0,0,0,86.66,63.29,26.32,47.17,0,0,16.67,0,36.5,43.86,0,83.33,0,27.78,0,0,0,0,7.46,0,0,0,90.74,70.42,84.46,38.17,98.56,0,74.63,9.62,0,73.53,0,6.94,37.88,58.14,14.71,0,0,0,0,0,0,16.13,0,11.9,99.4,0,60.24,0,0,37.59,19.23,0,0,0,0,0,0,0,0,0,0,0,0,51.02,0,0,0,0,0,0,13.51,0,33.33,31.25,49.02,0,0,0,69.44,86.51,0,50.51,0,0,0,0,39.68,69.44,76.92,76.92,80.65,94.16,92.25,34.72,25,67.57,14.29,0,96.53,0,39.06,11.9,0,0,0,0,14.71,0,26.32,16.67,87.72,0,98.23,38.17,0,0,0,0,0,0,49.02,18.52,0,0,0,14.71,0,99.05,0,5.21,0,0,86.66,63.29,49.5,0,0,29.41,0,88.5,0,25,19.23,0,71.43,0,0,45.05,6.41,9.43,0,0,0,60.98,49.02,85.62,12.2,0,69.44,0,0,0,0,11.11,10,50,0,0,0,23.81,79.37,56.18,50.51,0,0,62.5,83.33,66.67,0,18.52,0,0,64.94,29.41,4.95,36.23,5.49,15.15,0,0,0,44.25,60.24,64.1,12.82,0,0,9.26,4.81,29.41,0,0,0,42.02,26.32,0,75.76,0,98.99,21.74,0
Quizartinib (AC220),-2.173913043,0,0,0,0,0,0,0,0,0,0,0,0,0,0,0,0,0,0,0,0,0,0,0,0,0,0,0,0,0,0,0,0,0,0,0,0,0,0,0,0,0,0,0,0,0,0,0,0,0,0,0,0,0,0,0,0,0,0,0,0,0,0,0,0,0,0,0,0,0,0,98.04,0,0,0,0,0,0,0,0,0,0,0,0,0,0,0,0,0,86.06,31.25,0,0,0,0,0,0,0,0,0,0,0,0,7.14,0,0,5.21,11.9,0,0,0,0,0,29.41,0,0,0,0,0,0,0,0,64.94,0,0,0,0,0,0,0,0,0,92.42,99.74,92.42,21.74,0,0,0,0,0,0,0,0,0,0,0,0,60.98,0,0,0,0,0,0,0,0,0,0,0,0,0,0,0,0,0,0,0,0,99.05,0,0,16.67,0,0,0,19.23,0,0,8.06,0,0,0,0,0,0,0,0,0,16.67,53.19,0,0,0,0,0,0,0,0,0,0,0,0,0,0,0,0,0,0,0,16.13,54.95,0,0,0,0,0,0,0,0,0,0,0,33.33,0,0,0,0,0,0,0,0,0,0,0,0,0,0,0,0,0,0,0,0,0,0,0,0,0,0,0,0,0,0,0,0,97.85,98.48,0,0,0,0,0,0,0,0,0,0,0,0,0,0,0,0,0,0,0,0,0,0,0,0,0,0,0,0,0,0,0,0,0,0,0,0,0,0,0,0,0,0,0,0,0,0,0,98.43,0,0,0,35.97,15.63,0,0,0,0,0,0,0,0,0,0,0,0,0,0,0,0,0,0,0,0,0,0,9.8,0,0,0,0,0,0,0,0,0,0,0,0,0,5.56,0,0,0,0,0,0,0,0,13.51,0,0,0,15.15,0,0,0,17.86,44.64,47.62,0,0,0,0,0,0,0,0,0,0,85.18,0,0,0,0,0,0,0,0,20,0,0
R406,7.391304348,54.95,48.54,59.52,40.98,9.43,31.25,0,0,0,31.25,88.65,0,0,0,67.57,62.5,40,60.24,86.96,0,0,75.76,81.97,92.42,85.91,20.83,95.24,0,40.98,0,73.53,67.57,58.14,0,0,72.46,68.49,71.43,52.08,31.25,0,14.29,35.21,0,0,0,0,0,0,0,0,0,0,0,0,0,6.1,0,0,19.23,7.81,0,0,16.67,0,53.19,29.41,23.81,20.83,58.14,94.16,75.76,0,0,0,0,0,0,0,88.65,97.28,0,90.09,88.97,97.47,0,0,45.45,98.17,92.08,0,0,0,93.98,98.19,65.79,0,51.55,62.5,0,88.18,78.13,58.14,76.92,36.76,80.65,92.76,27.78,56.18,36.23,0,45.45,61.73,0,0,45.45,0,0,0,0,0,43.86,23.81,66.67,79.37,71.43,91.91,87.26,89.93,58.82,93.81,96.9,99.86,98.21,88.03,94.7,66.67,99.34,36.5,52.63,20,16.67,80.65,76.92,37.88,9.43,13.51,15.15,26.32,0,0,27.78,80.65,87.57,97.47,31.25,9.8,98.1,97.85,78.13,55.56,95.97,0,99.3,93.28,92.94,91.41,93.11,98.66,0,11.11,94.34,44.64,26.32,12.82,87.72,93.28,38.46,95.06,0,0,0,0,84.18,76.92,37.31,42.74,17.24,0,0,0,0,64.94,64.1,20.83,84.89,0,60.98,40.65,83.33,71.43,92.42,51.02,0,74.63,64.1,0,0,68.49,79.37,0,99.15,99.25,97.85,0,0,0,51.55,14.29,0,0,0,83.33,7.14,0,38.17,0,0,5.05,0,74.63,74.63,65.79,74.63,21.74,97.47,98.76,97.85,96.9,43.1,0,13.89,0,0,42.02,56.18,65.79,59.52,42.02,83.89,61.73,87.87,0,60.24,0,89.29,99.34,80.65,0,0,0,0,0,34.72,0,0,0,0,10.64,0,34.97,0,0,0,20.83,79.37,29.41,80.65,45.45,49.5,0,43.1,16.13,93.63,37.59,93.63,98.99,99.17,10.87,0,0,0,0,0,0,11.36,0,12.2,73.53,0,0,94.52,0,37.31,99.19,59.52,12.82,70.42,0,34.01,69.44,0,45.87,47.17,94.52,0,91.91,0,76.92,50.51,11.63,5.88,0,0,0,0,0,84.32,72.46,0,90.42,86.51,93.81,88.5,0,98.35,45.05,45.87,0,55.56,99.66,34.01,26.32,68.49,0,96.34,91.07,50.51,43.86,9.8,95.6,23.81,58.14,16.13,60.24,86.81,61.73,50.51,56.82,27.78,95.24,87.72,61.73,74.63,35.71,46.73,0,33.33,31.25,78.13,72.46,0,20.83,97.28,96.34,98.6,92.59,0,35.97,5.05,17.86,0,0,93.46,5.15,88.18,0,95.97
R547,10,0,0,0,0,0,0,0,0,0,0,0,0,0,0,0,0,0,0,0,0,0,0,0,0,0,0,0,0,0,0,0,0,0,0,0,0,0,0,0,20,35.97,26.32,20.83,0,0,26.32,88.34,17.86,14.71,81.97,0,99.89,99.36,99.88,99.84,98.54,99.88,0,97.09,0,0,0,11.11,0,0,0,88.34,86.21,97.47,61.73,0,0,0,0,0,0,0,0,0,0,0,0,0,0,0,0,0,44.64,0,0,0,45.05,0,0,0,95.6,66.67,0,0,0,0,0,0,0,0,0,0,0,0,0,0,0,0,0,0,0,0,0,0,0,81.97,87.87,0,0,0,0,0,0,0,0,0,0,0,0,0,0,0,0,0,0,0,64.1,68.49,0,0,0,0,0,0,0,99.56,0,0,0,0,0,0,0,0,0,0,0,0,0,0,0,0,0,0,0,0,0,0,0,0,56.82,0,0,0,0,97.85,12.5,0,0,0,0,14.71,0,0,0,0,0,0,0,0,0,0,0,0,0,0,0,0,0,0,0,0,0,0,0,0,0,0,0,0,0,0,0,0,0,0,0,0,0,0,0,0,0,0,0,0,0,0,0,0,0,0,0,0,0,0,0,0,0,0,0,0,0,0,0,0,0,99.89,99.83,96.15,0,0,0,0,45.45,98.58,97.85,0,0,0,0,0,0,0,0,23.81,0,0,0,0,0,0,0,0,0,0,0,6.41,0,0,0,0,0,0,0,0,0,0,0,0,0,0,0,0,0,0,0,0,0,0,0,0,0,0,0,0,39.06,19.23,40.65,0,0,0,0,0,0,0,0,0,56.18,0,0,0,0,0,0,0,0,83.89,0,0,0,0,0,0,0,0,0,0,0,0,0,0,45.45,40,70.42,0,0,0,0,0,0,0,0,0,0,0,0,11.63,0,0,0,0,0,7.46,0,0,0,0,0,0,0,0,0,0,0,0,0,0,0,0,0,0,0
RAF265 (CHIR-265),16.95652174,0,62.5,12.2,20.83,0,0,0,0,0,0,0,0,0,0,0,10,0,0,0,0,0,0,0,0,0,0,5.95,0,0,0,0,29.41,12.2,0,0,0,0,0,0,0,0,0,0,0,0,0,0,0,0,0,8.93,0,0,0,0,0,0,0,0,0,0,0,0,0,0,85.18,0,0,0,0,66.67,0,0,0,0,0,0,0,0,0,0,0,0,0,0,0,0,0,97.47,34.25,0,0,0,0,0,0,0,0,0,0,6.02,14.71,0,5.32,0,25,0,31.25,0,0,0,0,92.08,0,0,0,0,0,0,0,0,0,0,0,5.49,0,9.62,0,0,0,0,38.46,26.32,20,45.87,19.23,0,90.09,0,0,0,0,0,29.41,0,0,0,47.17,0,0,0,0,0,0,0,0,0,0,0,0,0,0,0,0,0,0,0,0,71.43,0,0,43.86,0,0,0,89.29,0,0,57.47,0,0,0,0,0,0,0,9.09,6.25,27.78,37.59,0,0,0,0,0,0,0,0,0,0,0,20.83,0,0,0,7.46,0,0,0,0,0,0,0,5,0,0,0,0,0,0,0,0,0,0,0,0,0,0,0,0,0,0,0,0,0,13.51,0,0,0,0,0,0,0,0,0,0,0,0,0,0,0,0,0,0,0,31.25,67.57,0,0,0,0,0,0,0,0,0,0,0,0,0,0,0,0,0,0,0,0,0,0,0,0,0,0,0,0,0,0,0,0,0,0,0,0,0,0,0,0,0,34.48,0,0,0,0,56.18,76.92,0,0,0,8.47,34.48,0,0,0,0,0,0,0,0,0,0,0,0,0,0,0,0,0,0,0,0,0,0,49.5,0,0,31.25,0,0,0,0,0,0,0,5.68,0,10.2,50.51,11.36,78.13,40.98,0,0,0,0,0,76.92,27.78,0,0,25,7.25,0,7.81,0,0,0,0,0,0,0,54.95,0,0,0,0,0,27.78,0,0,0,0,0,0,34.72,6.85,90.25,88.81,0
Ruxolitinib (INCB018424),19.13043478,80.65,11.9,0,0,0,0,0,0,0,0,0,0,0,0,25,0,0,56.18,0,0,0,0,0,5.43,0,70.42,0,0,21.74,34.97,0,18.52,0,0,0,0,51.55,80.65,18.52,91.58,61.73,84.75,83.33,0,0,0,25,0,0,0,0,0,0,0,0,0,13.16,0,0,0,0,0,0,0,0,0,0,52.08,0,22.73,0,0,21.74,0,0,0,0,0,0,10.64,13.16,0,87.41,83.75,84.89,88.03,39.68,65.79,0,0,0,12.5,0,7.46,12.5,35.46,0,11.9,0,0,0,0,7.58,0,0,0,0,0,0,0,0,0,13.89,0,0,0,0,0,0,0,0,0,16.67,0,0,0,0,0,0,0,0,0,0,0,0,0,83.47,0,40.65,7.58,48.08,0,0,0,29.41,33.33,29.41,0,0,0,0,0,0,17.86,29.41,0,0,63.29,0,0,0,99.32,0,99.99,99.6,9.43,0,0,0,0,0,0,0,0,0,0,63.29,53.19,0,0,0,10.64,31.25,92.42,76.92,0,20,0,0,0,0,0,0,43.1,0,0,49.02,20.83,11.11,51.55,21.74,0,0,18.52,0,0,0,0,0,71.43,0,0,0,0,0,0,0,0,0,0,13.89,0,0,58.14,0,0,0,0,0,0,0,0,0,31.25,0,0,0,9.26,0,0,0,15.63,0,0,0,0,0,0,0,23.81,14.71,27.78,0,0,0,0,0,0,0,0,0,0,8.06,33.33,0,0,0,0,0,0,12.82,0,0,0,0,0,0,0,0,0,0,0,0,10.64,79.37,25,41.32,71.43,0,48.54,0,0,0,0,0,0,0,42.02,0,0,0,0,27.78,0,40.98,16.67,29.41,20,0,0,19.23,0,89.29,90.58,0,0,59.52,0,78.13,0,80.65,0,0,76.92,26.32,76.92,0,27.78,7.94,0,0,0,0,60.98,0,0,0,19.23,0,13.16,50.51,0,0,0,20.83,0,40.65,27.78,61.73,45.87,22.73,0,0,0,0,0,0,0,0,0,0,16.13,0,25,58.14,60.24,0,0,51.02,0,99.82,26.32,0,62.5,72.46,17.24,0,11.11,0,0,0,0,0,0,7.35,64.94,0,0
SB203580,11.73913043,0,0,0,0,0,14.29,0,0,0,0,13.89,0,0,0,0,0,0,0,0,0,0,0,0,0,0,0,0,0,13.16,0,0,41.32,11.36,0,0,0,0,0,0,0,0,0,0,0,0,0,0,0,0,0,0,0,0,0,0,0,0,0,0,0,0,0,0,0,0,54.35,0,0,0,0,0,0,86.96,22.73,93.11,83.33,0,0,0,0,0,0,0,0,0,0,0,0,33.33,9.09,0,0,55.56,0,0,0,0,0,22.73,0,0,0,0,0,0,29.41,0,0,0,0,0,0,13.89,0,0,9.43,0,0,0,0,0,0,0,0,0,0,0,0,0,0,0,0,0,0,21.74,0,96.34,0,0,0,0,0,22.73,0,0,0,0,0,0,0,0,0,0,0,0,0,0,0,0,0,0,0,0,0,0,31.25,79.37,93.46,0,0,0,15.15,0,0,0,0,0,0,0,0,0,0,0,0,0,0,0,0,11.9,0,0,0,0,0,0,0,0,0,4.95,0,0,26.32,0,0,0,0,0,0,0,0,0,0,0,0,7.46,15.63,0,0,0,0,0,0,0,0,0,0,0,0,0,0,0,0,0,0,0,0,0,0,0,0,95.24,0,97.66,87.72,0,25,0,0,0,0,0,0,0,0,0,0,0,0,37.04,0,0,0,0,0,0,0,0,0,0,0,0,0,0,0,0,16.13,0,0,0,0,0,0,0,0,0,0,0,0,0,0,0,0,0,0,0,0,0,0,0,0,0,0,11.36,33.78,0,0,0,0,0,95.42,0,0,0,0,0,0,0,0,0,0,60.98,0,0,0,0,66.67,0,0,0,0,0,0,11.9,0,0,8.62,0,0,0,0,0,0,0,27.78,0,0,0,0,0,0,0,0,0,6.58,21.74,0,0,0,0,37.88,0,0,12.5,0,0,0,0,0,16.67,10,0,20,0,0,0,0,0,0,0,0,27.78,19.23,0,0,0,0,10.2,0
Selumetinib (AZD6244),17.39130435,0,0,0,0,0,0,0,0,0,0,0,0,0,0,0,0,0,0,0,0,0,0,0,0,0,0,0,0,0,0,0,0,0,0,0,0,0,0,0,0,0,0,0,0,0,0,0,0,0,0,0,0,0,0,0,0,0,0,0,0,0,0,0,0,0,0,0,0,0,0,0,0,0,0,0,0,0,0,0,0,0,0,0,0,0,0,0,0,0,0,0,0,0,0,0,0,0,0,6.67,0,0,0,0,0,0,0,0,0,0,0,0,0,0,0,0,0,0,0,0,0,0,0,0,0,0,0,0,0,0,0,0,0,0,0,0,0,0,0,0,0,0,0,0,0,0,0,0,0,0,0,0,0,0,0,0,0,0,0,0,0,0,0,0,0,0,0,0,0,0,0,0,0,0,0,0,0,0,0,0,0,0,0,0,0,0,0,0,0,0,0,0,0,0,0,0,0,0,83.47,48.54,0,0,0,0,0,0,0,0,0,0,0,0,0,0,0,0,0,0,0,0,0,0,0,0,0,0,0,0,0,0,0,0,0,0,0,0,0,0,0,0,0,0,0,0,0,0,0,0,0,0,0,0,0,0,0,0,0,0,0,0,0,0,0,0,0,0,0,0,0,0,0,0,0,0,0,0,0,0,0,0,0,0,0,0,0,0,0,0,0,0,0,0,0,0,0,0,0,0,0,0,0,0,0,0,0,0,0,0,0,0,0,0,0,0,0,0,0,0,0,0,0,0,0,0,0,0,0,0,0,0,0,0,0,0,0,0,0,0,0,0,0,0,0,0,0,0,0,0,0,0,0,0,0,0,0,0,0,0,0,0,0,0,0,0,0,0,0,0,0,0,0,0,0,0,0,0,0,0,0,0,0,0,0,0,0,0,0,0,0
SGX-523,24.7826087,0,0,0,0,0,0,0,0,0,0,0,0,0,0,0,0,0,0,0,0,0,0,0,0,0,0,0,0,0,0,0,0,0,0,0,0,0,0,0,0,0,0,0,0,0,0,0,0,0,0,0,0,0,0,0,0,0,0,0,0,0,0,0,0,0,0,0,0,0,0,0,0,0,0,0,0,0,0,0,0,0,0,0,0,0,0,0,0,0,0,0,0,0,0,0,39.06,21.74,0,0,0,0,0,0,0,0,0,0,0,0,0,0,0,0,0,0,0,0,0,0,0,0,0,0,0,0,0,0,0,0,0,0,0,0,0,0,0,0,0,0,0,0,0,0,0,0,0,0,0,0,0,0,0,0,0,0,0,0,0,0,0,0,0,0,0,0,10.64,0,20.83,0,0,0,0,0,0,0,0,0,0,0,0,0,0,0,0,0,0,0,0,0,0,0,0,0,0,0,0,0,0,0,0,0,0,0,0,0,99.96,0,0,0,0,0,0,0,0,0,0,0,0,0,0,0,0,0,0,0,0,0,0,0,0,0,0,0,0,0,0,0,0,0,0,0,0,0,0,0,0,0,0,0,0,0,0,0,0,0,0,0,0,0,0,0,0,0,0,0,0,0,0,0,0,0,0,0,0,0,0,0,13.16,0,0,0,0,0,0,0,0,0,0,0,0,0,0,0,0,0,0,0,0,0,0,0,0,0,0,0,0,0,0,0,0,0,0,0,0,0,0,0,0,0,0,0,0,0,0,0,0,0,0,0,0,0,0,0,0,0,0,0,0,0,0,0,0,0,0,0,0,0,0,0,0,0,0,0,0,0,0,0,0,0,0,0,0,0,0,0,0,0,0,0,0,0,0,0,0,0,0,0,0,0,0,0,0,0,0,0,7.25,0,0
SNS-032 (BMS-387032),34.34782609,0,0,0,0,0,0,0,0,0,0,14.71,0,0,0,0,5.75,0,0,0,0,0,6.33,0,9.09,0,0,0,0,0,0,0,27.78,0,0,8.2,0,0,0,0,0,0,0,0,0,0,0,55.56,83.61,91.24,95.6,34.48,87.87,89.93,87.87,88.34,40.32,94.16,29.41,86.81,0,92.42,26.32,99.66,0,0,11.36,54.95,31.25,0,38.46,0,0,33.33,0,21.74,34.48,0,0,0,0,0,0,0,0,0,23.81,33.33,23.81,0,0,0,0,0,53.19,0,59.52,71.43,22.73,0,0,0,0,0,0,0,0,0,0,0,0,0,0,0,0,0,0,0,0,50,10.87,43.48,80.65,0,0,0,0,0,0,0,0,0,4.81,0,0,0,0,21.74,0,0,0,0,94.7,93.11,0,22.73,25,20,0,0,0,76.92,0,0,0,0,0,0,0,14.71,0,0,0,0,0,0,0,0,7.81,0,0,0,0,0,0,0,0,0,0,0,0,17.86,0,0,0,0,0,0,0,0,0,0,0,0,0,0,0,7.46,0,0,0,0,0,0,8.2,0,0,0,0,11.63,10.42,22.73,0,0,0,0,0,0,0,0,0,0,0,0,0,33.78,17.24,0,0,0,0,0,0,0,0,0,0,0,0,0,0,0,0,0,0,0,0,0,0,12.5,0,0,0,98.6,97.47,91.91,0,0,0,0,0,40.32,42.02,11.63,52.08,0,0,0,0,0,0,0,0,0,0,0,0,0,0,0,0,0,0,0,0,0,0,0,0,0,0,0,0,0,29.41,11.36,40,0,0,0,0,0,0,0,0,0,0,25,0,0,0,0,0,0,0,0,0,0,5.26,0,0,0,0,0,0,0,0,0,0,0,0,0,0,0,22.73,0,0,0,0,0,0,0,0,0,65.79,0,0,26.32,27.78,21.74,44.64,0,0,0,0,17.24,0,0,0,0,0,0,0,0,0,0,0,0,0,0,0,0,0,0,15.15,0,0,0,0,0,0,0,0,0,0,0,0,0,0
Sorafenib,34.34782609,0,79.37,26.32,14.71,0,0,0,0,0,0,0,0,0,0,0,0,0,0,0,0,0,0,53.19,70.42,10,0,0,0,0,0,0,48.08,0,0,0,0,0,0,0,0,0,0,0,0,0,0,0,0,0,0,66.67,5.43,11.63,0,0,5.68,78.13,61.73,0,0,79.37,50.51,0,0,0,7.46,6.25,0,0,0,94.7,0,0,0,0,0,0,0,0,0,0,0,0,0,0,0,0,0,99.7,98.7,0,0,0,0,0,0,0,0,0,0,13.89,20,20.83,14.29,12.5,57.47,8.62,17.24,14.29,20.83,0,21.74,67.57,0,0,0,0,0,0,0,0,91.58,0,0,0,0,15.15,15.63,10.64,0,6.02,94.16,97.47,84.03,49.5,5.62,0,0,0,0,0,0,0,5.56,13.16,22.73,53.19,99.34,9.43,0,0,0,0,0,0,0,0,0,0,0,0,0,0,0,6.41,0,6.33,0,94.7,0,0,15.63,23.81,4.95,0,76.92,0,0,14.29,0,0,0,0,0,0,0,0,0,9.43,23.81,0,0,0,0,0,0,0,0,0,0,0,72.46,0,0,12.2,0,0,0,68.49,79.37,4.95,0,0,0,0,0,0,0,0,0,0,0,79.37,0,8.47,0,0,6.58,0,0,0,0,0,0,0,0,0,0,0,0,43.86,0,57.47,68.49,7.04,6.17,0,0,0,0,0,0,0,23.81,0,88.97,93.11,0,69.44,0,14.71,14.71,0,0,0,0,0,0,0,0,0,0,0,0,0,0,0,0,0,0,0,0,0,0,0,0,0,10,0,0,0,0,0,0,0,0,0,0,0,0,0,0,0,68.49,97.47,0,0,0,0,27.78,0,0,0,0,0,0,0,0,0,0,0,0,0,0,0,6.25,0,0,0,0,0,0,33.33,0,0,0,4.85,0,0,0,0,17.24,0,11.63,0,0,42.02,13.89,48.08,15.63,0,0,0,0,6.76,88.03,19.23,0,0,5.95,17.86,0,64.1,7.35,19.23,45.45,0,0,12.5,0,0,0,0,0,0,0,89.45,0,0,0,0,0,0,0,0,83.47,98.76,0
Staurosporine,96.95652174,99.76,93.11,95.79,81.97,51.55,42.37,5.32,9.8,0,0,0,96.15,91.91,74.63,93.98,99.27,97.66,64.94,99.13,81.97,65.79,96.71,96.34,95.6,98.66,98.89,97.09,11.9,74.63,17.86,74.63,0,17.86,95.06,99.3,70.42,94.88,99.78,95.6,99.97,99.74,99.94,99.89,92.42,99.99,99.97,96.34,0,0,87.72,72.46,98.62,94.34,90.91,96.15,85.62,91.74,49.5,83.33,60.24,49.5,8.93,59.52,99.36,87.11,59.52,93.98,98.39,35.46,98.12,97.66,60.24,34.01,66.67,17.24,87.26,12.5,39.06,0,34.72,68.49,65.79,99.72,99.68,99.8,81.97,87.26,96.71,96.34,92.25,25,99.3,93.11,97.28,95.97,99.21,94.7,66.67,57.47,0,62.5,29.41,94.88,63.29,84.03,63.29,44.25,72.46,67.57,19.23,0,18.52,70.42,72.46,0,39.37,5.62,6.41,13.89,0,23.81,93.46,95.97,88.65,95.42,95.6,84.75,83.33,85.03,66.67,96.71,76.92,99.42,94.7,91.74,93.81,96.71,96.9,99.81,93.11,99.83,78.13,87.87,96.15,15.63,72.46,86.96,56.18,99.15,44.64,96.9,70.42,98.85,94.16,98.99,81.97,86.06,92.59,97.47,99.66,96.34,98.79,0,98.08,97.66,69.44,35.46,81.97,96.34,92.25,96.71,94.34,51.02,5.15,89.13,99.99,99.38,93.11,92.59,70.42,16.13,58.82,99.5,99.52,15.15,29.41,98.27,98.39,95.42,96.53,36.23,64.94,99.21,99.86,99.4,98.93,76.92,95.97,94.7,99.01,87.72,99.42,99.32,93.81,98.74,72.46,99.8,94.34,74.63,96.71,78.13,98.04,90.58,96.15,89.77,92.25,99.96,55.56,99.96,80.65,78.13,0,85.32,97.09,89.13,51.55,50,62.5,89.93,94.7,36.76,13.89,40,0,0,38.17,0,10,13.89,78.13,69.44,53.19,0,0,67.57,92.25,99.89,99.38,98.6,98.76,99.89,99.76,95.42,83.89,64.94,98.04,99.64,99.66,99.95,38.46,65.79,75.76,99.87,99.97,0,53.76,0,0,0,21.74,52.08,99.36,99.62,99.9,92.08,15.63,86.66,0,96.34,94.52,0,99.74,99.5,85.03,72.46,71.43,35.46,99.85,99.7,99.95,99.05,95.06,98.33,94.88,87.41,96.53,93.98,96.9,58.14,97.47,69.44,99.3,99.91,0,97.09,79.37,56.18,86.81,0,8.77,81.97,97.85,99.94,99.95,94.34,80.65,18.52,92.25,35.97,92.08,29.41,87.87,98.25,72.46,96.53,13.16,99.74,99.36,95.24,99.32,99.56,99.78,100,99.98,84.75,85.32,40.32,98.91,88.18,87.26,64.94,99.64,78.13,6.94,79.37,97.28,88.18,99.91,97.66,99.96,99.82,27.78,60.98,20,0,88.5,78.13,94.88,96.9,99.07,99.5,96.9,33.33,99.21,99.25,96.71,0,95.42,89.13,68.49,89.93,13.89,64.1,98.06,99.84,99.76,69.44,0,23.81,0,97.47,83.61,61.73,90.58,81.97,99.83,0,91.91
SU-14813,23.91304348,88.34,35.21,44.64,0,0,0,0,0,0,0,0,0,0,0,50.51,83.33,63.29,75.76,52.08,0,0,0,59.52,38.17,85.62,94.88,40,0,11.9,71.43,0,0,0,9.09,10.87,11.11,13.16,34.01,34.72,58.82,17.86,39.68,31.25,15.63,37.04,16.67,0,0,0,0,0,0,0,9.26,6.58,0,34.97,0,0,0,11.36,0,0,29.41,92.59,84.18,58.14,76.92,0,66.67,99.29,0,55.56,25,65.79,59.52,33.33,38.76,46.73,20.83,62.5,7.46,64.94,55.56,74.63,47.62,11.9,67.57,0,4.81,47.17,0,0,95.42,60.98,65.79,16.13,27.78,0,0,0,0,17.86,0,0,20,25,0,10.42,0,0,0,29.41,0,0,0,0,0,0,0,0,0,20.83,29.41,93.63,0,20.83,38.76,47.17,7.14,56.18,99.07,99.89,90.91,21.74,16.13,91.91,51.55,31.25,57.47,51.55,0,0,18.52,34.01,84.46,85.76,34.01,97.09,99.27,29.41,0,42.74,8.62,51.02,29.41,20,95.06,20.83,85.91,72.46,7.81,83.75,23.81,46.3,0,13.16,12.2,99.86,37.04,53.76,17.86,0,0,58.14,68.49,87.41,10.64,38.17,48.08,0,0,29.41,87.26,62.5,0,22.73,70.42,65.79,62.5,0,15.15,25,53.19,31.25,20,62.5,86.66,80.65,18.52,26.32,86.96,8.33,59.52,88.34,0,87.87,0,8.93,8.33,92.25,16.13,0,22.73,0,0,79.37,0,88.5,83.33,60.24,0,83.33,58.14,72.46,93.98,26.32,0,41.67,20,0,0,31.25,0,0,0,45.45,13.51,0,31.25,0,23.81,0,0,0,0,0,0,72.46,29.41,0,27.78,34.72,0,13.51,99.78,99.94,16.13,0,0,0,31.25,85.76,83.33,0,0,0,0,0,0,0,0,0,17.24,79.37,0,65.79,0,0,0,0,20.83,11.63,60.98,0,0,0,73.53,0,0,0,0,6.49,17.24,11.9,15.63,0,0,27.78,0,27.78,45.45,0,0,93.11,45.87,78.13,4.9,29.41,0,0,34.97,29.41,43.1,0,71.43,20,76.92,25,73.53,7.94,19.23,65.79,4.95,13.89,0,76.92,44.64,9.09,66.67,15.63,40,52.08,55.56,25,9.26,88.97,11.11,71.43,80.65,40.65,79.37,98.39,0,53.76,0,83.33,29.41,0,61.73,75.76,0,0,0,0,8.06,0,44.25,64.94,84.75,25,9.26,0,51.02,33.56,69.44,0,0,73.53,0,8.93,39.68,17.24,85.91,88.5,92.25,99.54,0,14.29,0,0,0,0,65.79,58.14,97.66,0,0
Sunitinib,43.47826087,97.85,64.94,76.92,33.33,0,0,0,0,0,0,0,0,15.63,0,74.63,96.34,84.89,61.73,91.24,0,0,22.73,56.82,69.44,98.23,98.91,88.5,0,17.24,46.73,0,0,9.8,12.5,31.25,19.23,34.01,49.5,53.19,86.21,26.32,54.35,42.02,35.97,54.35,25,0,0,0,0,0,0,0,7.46,20,6.76,60.24,0,0,0,31.25,0,0,62.5,98.04,11.36,95.79,96.15,0,94.52,99.5,0,83.47,47.62,97.09,97.47,34.97,81.97,67.57,35.71,75.76,6.1,80.65,76.92,95.79,57.47,15.63,81.97,20,14.71,83.33,0,0,99.8,81.97,71.43,17.86,42.37,0,0,0,0,19.23,0,29.41,34.25,17.24,0,51.02,0,0,13.89,33.33,0,0,0,0,0,0,0,4.81,0,45.45,53.19,31.25,34.25,49.02,46.73,63.29,19.23,64.94,99.64,99.92,90.91,48.54,49.02,96.15,73.53,63.29,78.13,73.53,0,0,36.23,90.09,94.16,92.42,75.76,96.9,50,51.55,16.13,49.02,0,44.64,50,53.76,97.28,34.72,88.34,97.47,7.69,91.07,54.95,29.41,0,17.24,10.42,99.93,44.25,52.08,68.49,0,0,92.94,96.34,81.97,21.74,64.94,84.03,0,0,27.78,89.77,69.44,9.43,93.81,73.53,78.13,92.42,0,0,29.41,61.73,54.95,12.2,71.43,79.37,81.97,22.73,41.67,91.58,8.77,58.82,95.06,6.49,94.52,0,11.36,8.06,95.6,12.82,0,27.78,0,0,96.34,0,89.93,88.81,59.52,0,50.51,64.1,91.07,97.09,13.89,10,54.95,34.01,0,0,26.32,0,0,0,0,10.87,0,37.04,0,48.54,0,0,0,0,0,0,96.9,17.86,17.24,43.86,76.92,29.41,22.73,99.84,99.99,12.5,27.78,0,0,64.94,98.91,98.83,0,0,0,0,0,0,0,0,0,17.24,8.47,0,92.76,0,0,0,0,41.32,27.78,85.18,0,9.62,0,72.46,0,0,0,0,10.42,61.73,56.82,64.1,0,0,42.74,0,56.18,85.91,0,0,97.47,93.46,91.07,11.63,57.47,0,19.23,27.78,52.08,78.13,0,83.89,20,94.7,22.73,78.13,9.09,46.3,96.71,5.62,17.24,0,91.24,71.43,20.83,69.44,13.51,46.3,89.93,76.92,43.86,19.23,0,66.67,72.46,89.45,66.67,96.71,27.78,0,78.13,0,84.32,35.97,0,70.42,80.65,0,0,0,0,11.36,0,40.32,60.24,95.24,42.37,5.32,0,83.33,45.87,8.93,0,7.35,88.81,0,23.81,58.14,91.07,95.6,97.47,92.25,99.7,0,31.25,0,0,0,0,80.65,63.29,96.71,0,0
TAE-684,-66.95652174,51.55,71.43,74.63,56.82,94.52,83.75,18.52,10.42,89.77,22.73,84.46,0,0,0,99.78,94.88,91.07,5.05,97.47,0,21.74,91.91,76.92,93.81,97.66,20.83,79.37,74.63,99.83,11.36,31.25,0,93.28,61.73,72.46,95.6,31.25,68.49,14.29,33.78,20.83,46.73,39.06,94.34,90.91,97.85,35.21,0,0,0,0,8.77,0,26.32,55.56,23.81,72.46,0,0,0,0,0,0,91.91,87.41,0,97.66,85.91,70.42,81.97,91.24,21.74,0,8.77,0,0,0,0,0,0,4.95,15.15,21.74,36.5,18.52,99.03,96.9,97.28,78.13,10.87,92.25,19.23,5,14.71,6.58,14.71,10,0,73.53,0,92.76,35.97,11.11,35.46,11.9,80.65,71.43,0,59.52,25,20.83,40,58.82,48.08,0,64.1,53.76,62.5,0,0,91.24,70.42,73.53,99.78,99.72,99.05,91.41,66.67,84.03,81.97,80.65,47.62,97.09,74.63,94.88,26.32,98.95,31.25,54.95,12.5,58.14,0,0,54.95,10.2,10.2,6.76,58.82,78.13,58.82,11.11,99.46,0,0,31.25,99.52,98.78,91.74,75.76,86.66,93.63,54.95,62.5,96.9,96.71,75.76,64.1,88.18,81.97,23.81,20,91.07,31.25,31.25,0,85.91,99.72,99.81,64.1,89.77,0,10.42,38.46,81.97,60.98,20,72.46,88.5,34.01,72.46,0,0,94.16,91.91,97.66,97.66,13.16,47.62,44.25,74.63,76.92,71.43,20,83.47,96.34,74.63,60.24,0,0,91.91,0,54.95,31.25,54.35,0,9.43,60.24,45.05,61.73,14.71,49.5,0,65.79,69.44,0,0,88.18,86.06,53.19,46.3,0,0,21.74,5.38,0,0,27.78,17.86,38.46,16.13,0,91.24,0,0,0,5.05,43.48,7.94,94.52,20,12.5,56.18,47.17,38.17,0,37.31,76.92,0,41.32,0,19.23,0,96.71,97.47,0,0,0,0,0,0,39.06,0,0,0,4.9,0,0,17.86,11.11,10.87,0,59.52,42.37,29.41,96.15,29.41,70.42,99.81,12.5,20,0,0,25,86.21,75.76,84.75,53.76,67.57,0,7.94,6.17,99.78,27.78,0,76.92,0,0,12.5,0,4.95,13.51,89.77,93.11,79.37,99.9,16.67,0,0,0,75.76,43.48,96.71,93.81,75.76,94.88,75.76,15.63,95.97,90.25,0,97.09,96.71,95.97,99.76,62.5,64.1,75.76,9.43,0,14.71,38.46,99.36,65.79,26.32,76.92,27.78,75.76,95.24,40.32,91.91,51.55,73.53,0,72.46,66.67,97.09,91.58,0,0,29.41,99.64,99.6,20,52.08,79.37,0,0,95.24,90.91,51.02,86.66,20.83,6.49,99.83,99.64,97.85,34.72,0,14.29,0,97.47,95.42,90.09,95.6,6.1,15.15,0,23.81
Tandutinib,-18.26086957,0,0,0,0,16.67,0,0,0,0,0,0,0,0,0,0,0,0,0,0,0,0,0,22.73,23.81,7.35,0,0,0,0,0,0,0,0,0,0,0,0,0,0,0,0,0,0,0,0,0,0,0,0,0,0,0,0,0,0,0,13.89,0,0,0,14.71,0,0,0,0,0,44.25,7.14,7.04,23.81,99.03,0,0,0,0,0,0,0,0,0,0,0,0,0,0,0,0,0,26.32,80.65,0,0,0,0,0,0,0,0,54.95,0,0,0,0,0,0,0,0,0,0,0,0,0,27.78,0,0,0,0,0,0,0,0,0,0,0,0,0,0,0,0,0,0,13.89,99.4,6.49,0,0,11.9,0,0,0,0,0,0,0,0,0,0,17.24,0,0,0,0,0,0,0,0,0,15.63,40.65,0,0,0,0,0,0,0,0,0,99.46,0,0,6.49,0,0,0,5,0,0,0,0,0,0,0,0,0,0,0,0,0,39.06,0,0,0,0,0,0,0,0,0,0,0,13.89,0,0,12.5,0,0,0,0,0,0,0,0,0,0,0,0,0,0,0,0,0,0,0,0,0,0,0,0,0,0,0,0,0,0,0,0,0,0,0,0,0,0,0,0,0,0,0,0,0,0,0,7.69,0,0,99.52,99.11,0,0,0,0,0,0,0,0,0,0,0,0,0,0,0,0,0,0,0,0,0,0,0,0,0,0,0,0,0,0,6.17,0,0,0,0,0,0,0,0,0,0,0,0,0,0,0,0,0,0,0,0,0,0,0,0,0,0,0,0,0,0,0,0,0,0,0,0,0,0,0,0,0,0,0,0,0,0,0,4.95,0,0,0,0,0,0,0,0,0,0,0,0,0,0,0,0,0,0,0,0,0,0,0,0,0,0,0,52.63,40.32,20,0,0,0,0,0,0,0,0,0,0,0,0,0,0,0,0,0,0,0,7.81,0,0
TG100-115,6.52173913,36.5,0,0,0,0,0,0,0,0,84.18,26.32,0,0,0,0,0,0,0,0,0,0,0,0,0,0,43.86,0,0,0,0,0,19.23,9.09,40.65,29.41,0,0,0,0,0,0,0,0,0,0,0,0,0,0,0,0,0,0,0,0,0,0,0,0,0,0,0,0,0,0,0,78.13,92.08,6.58,79.37,0,0,37.59,20.83,27.78,29.41,8.06,17.24,5.43,15.15,25,0,0,0,0,0,0,0,0,0,0,0,0,0,0,42.74,40.65,8.2,8.93,0,0,0,0,0,0,0,0,0,0,0,0,0,0,53.19,0,19.23,0,0,0,0,0,0,0,0,0,0,0,0,0,0,0,0,0,0,0,0,26.32,0,0,7.46,0,0,0,0,0,0,0,0,0,0,0,0,0,0,0,0,0,0,0,0,0,0,42.02,0,0,0,0,0,0,10,21.74,12.5,0,0,0,0,0,0,0,0,0,0,0,0,0,0,0,0,0,0,0,0,0,0,0,0,0,0,0,7.04,11.11,0,0,0,0,0,0,0,36.23,40.98,0,0,0,0,0,0,0,0,0,0,0,44.64,0,0,0,0,0,0,0,0,11.63,0,0,0,0,0,0,0,0,0,0,16.67,0,0,0,0,0,0,0,0,0,0,0,0,0,0,0,0,0,0,0,0,0,0,98.56,99.36,89.45,86.21,66.67,98.95,53.76,0,0,0,21.74,61.73,6.02,48.54,0,0,0,0,0,0,0,0,0,0,0,0,0,0,0,0,0,35.71,0,0,0,0,0,0,0,0,0,7.94,25,0,0,50,83.75,0,0,0,0,0,0,0,0,0,69.44,0,0,0,0,34.01,0,0,0,0,0,0,0,0,0,0,0,8.77,0,5.1,48.08,0,0,0,0,0,17.86,51.02,0,17.24,0,0,0,0,0,0,0,0,0,0,0,0,26.32,0,0,0,98.44,0,6.1,0,0,39.37,0,0,0,0,0,0,0,0,0,0,0,0,0,11.11,0,0
TG101348 (SAR302503),-2.608695652,93.46,73.53,91.91,46.73,76.92,6.94,0,0,17.24,6.67,62.5,0,0,0,43.48,17.24,9.62,10.42,93.63,0,0,10.2,50.51,58.82,75.76,93.98,43.48,0,54.95,14.71,29.41,4.85,29.41,0,0,37.04,23.81,52.08,13.51,62.5,6.85,45.87,48.08,0,21.74,11.11,15.15,0,0,0,0,0,0,9.09,36.5,0,80.65,0,5.38,0,27.78,0,6.41,11.63,0,78.13,16.67,17.86,0,20,44.64,7.81,0,0,0,0,0,0,0,35.21,80.65,22.73,96.9,94.52,99.76,72.46,36.5,97.47,20.83,34.48,7.35,33.33,0,45.05,91.74,0,5,0,12.82,33.33,40.65,10.2,6.58,11.11,0,11.36,7.14,6.1,22.73,11.36,0,19.23,62.5,0,0,20,0,0,29.41,0,88.34,49.5,29.41,92.25,31.25,48.54,64.1,51.55,58.14,20,85.91,10.42,97.47,20,71.43,92.94,99.78,83.33,0,74.63,16.13,0,0,19.23,36.76,33.33,27.78,69.44,27.78,0,20.83,18.52,37.59,58.14,58.14,37.04,23.81,69.44,80.65,29.41,50.51,96.53,20,99.78,87.11,65.79,67.57,71.43,79.37,0,5.88,87.41,34.72,5.95,61.73,14.71,36.5,7.35,50,45.87,0,0,0,46.3,27.78,10.87,19.23,21.74,0,0,0,0,41.67,13.89,62.5,34.01,0,8.93,13.89,12.5,4.81,58.14,0,16.13,37.88,5.56,5.32,0,6.41,56.82,4.9,13.51,6.76,13.89,0,0,0,0,0,0,6.25,0,38.46,49.02,14.29,79.37,0,0,7.94,0,12.82,29.41,22.73,43.86,23.81,46.73,80.65,75.76,76.92,10.2,0,0,0,0,0,0,13.89,7.69,0,11.63,6.76,29.41,13.89,58.82,15.63,15.63,91.74,0,29.41,0,5.49,16.13,60.24,23.81,0,0,0,0,0,6.25,22.73,0,0,0,88.34,0,75.76,10.87,0,0,0,31.25,0,83.33,64.1,17.24,23.81,83.89,0,5.81,0,0,0,0,0,4.95,11.63,23.81,31.25,0,56.18,69.44,20.83,0,79.37,83.33,16.13,84.6,8.62,7.58,4.85,22.73,19.23,18.52,45.45,0,78.13,10.2,18.52,29.41,54.35,5.81,6.1,17.86,0,58.14,20,38.76,14.71,16.67,92.76,83.61,42.37,91.07,68.49,86.96,9.09,75.76,83.33,74.63,98.7,69.44,0,36.5,23.81,15.63,13.89,27.78,39.68,20.83,84.46,0,13.51,0,31.25,41.67,20.83,27.78,20,0,58.14,88.65,21.74,37.31,13.89,5.49,0,27.78,52.63,25,95.97,52.63,0,64.94,86.36,63.29,8.77,0,56.18,7.69,0,0,0,80.65,6.49,96.34,43.48,11.63
Tofacitinib,29.13043478,0,0,0,0,0,0,0,0,0,0,0,0,0,0,0,0,0,0,0,0,0,0,0,0,0,6.58,0,0,0,0,0,0,0,0,0,0,29.41,23.81,0,12.5,0,15.63,0,0,0,0,0,0,0,0,0,0,0,0,0,0,0,0,0,0,0,0,0,0,0,0,0,0,0,0,0,0,0,0,0,0,0,0,0,0,0,0,0,0,0,6.94,0,97.66,0,0,0,29.41,0,0,0,0,0,0,0,0,0,0,0,0,0,0,0,0,0,0,0,0,0,0,0,0,0,0,0,0,0,0,0,0,0,0,0,0,0,0,0,0,0,0,0,31.25,0,0,0,0,10.42,0,0,0,0,0,0,0,0,0,0,0,0,0,0,0,0,0,0,0,0,99.68,0,99.88,99.97,0,0,0,0,0,0,52.08,0,0,0,0,27.78,0,0,0,0,0,0,0,0,0,9.43,0,0,0,0,0,0,0,0,0,0,0,0,0,0,0,0,0,0,0,0,0,0,23.81,0,0,0,0,0,0,0,0,0,0,0,0,0,0,0,0,0,0,0,0,0,0,0,0,0,0,0,0,0,0,0,0,0,0,0,0,0,0,0,0,0,0,0,0,0,0,0,0,0,0,0,0,0,0,0,0,0,0,0,0,0,0,0,0,0,0,0,0,0,0,0,74.63,29.41,20,0,0,0,0,20,0,0,0,0,0,0,0,0,0,0,0,0,0,0,0,0,0,0,0,0,0,0,0,51.55,54.35,0,0,0,0,0,0,26.32,0,0,45.45,0,48.08,0,0,0,0,0,0,0,67.57,0,0,0,0,0,0,0,0,0,0,0,0,0,0,0,0,0,0,0,0,0,0,0,0,0,0,80.65,0,0,0,0,0,0,0,0,0,99.05,0,0,0,0,7.25,0,0,0,0,0,0,0,0,0,0,0,0
Tozasertib,21.73913043,63.29,97.47,98.52,99.21,20.83,0,0,0,5,0,0,0,0,0,13.89,31.25,58.82,8.2,71.43,0,0,99.23,98.54,98.76,70.42,88.5,18.52,0,31.25,6.58,16.13,0,0,5.62,0,10.2,6.67,9.26,7.14,0,0,0,0,0,9.8,0,0,63.29,65.79,0,0,0,0,0,0,0,0,0,0,0,91.07,58.82,15.15,5.43,0,0,0,0,0,0,21.74,9.43,0,0,0,0,0,0,0,0,0,0,0,0,4.81,0,0,12.2,94.7,68.49,72.46,0,0,5.26,0,0,0,0,0,0,33.33,37.31,25,10.42,0,9.62,0,50,20.83,8.2,0,22.73,94.7,0,6.58,0,0,0,0,0,6.85,0,8.2,0,10.64,6.33,47.62,46.73,36.76,6.49,38.76,83.33,98.72,20.83,11.63,48.54,13.51,20.83,0,55.56,0,0,0,7.46,0,0,0,0,87.41,4.85,0,40.32,0,0,16.13,44.25,63.29,0,0,11.9,58.82,7.81,0,72.46,44.25,0,0,15.15,67.57,8.33,7.14,89.13,16.13,16.13,27.78,80.65,0,6.25,43.48,73.53,0,0,0,31.25,20.83,16.67,16.13,63.29,17.24,85.76,11.63,0,9.26,26.32,16.67,9.26,0,21.74,20,0,0,65.79,16.13,67.57,22.73,42.74,31.25,0,0,8.77,97.09,56.18,21.74,42.37,0,0,71.43,27.78,49.5,12.2,12.5,0,62.5,0,92.08,18.52,0,0,0,6.76,0,0,0,0,0,10.64,0,5.43,0,0,0,0,0,0,0,0,10.2,8.06,13.16,10.42,4.9,13.16,68.49,8.2,0,23.81,61.73,0,0,0,0,0,18.52,10.2,0,0,0,0,0,0,0,0,0,0,79.37,0,78.13,0,0,0,0,25,9.09,18.52,0,0,0,98.19,0,0,0,0,8.62,0,0,0,0,0,0,0,16.67,16.13,0,0,94.7,58.14,66.67,45.45,96.15,0,62.5,0,0,0,45.05,0,0,0,0,5.95,0,7.25,20,0,0,0,0,0,48.54,0,16.67,22.73,85.91,48.54,0,74.63,0,85.91,42.37,67.57,45.05,0,0,0,0,21.74,17.86,63.29,53.76,86.06,50.51,5.43,8.2,5.62,0,64.94,52.63,11.11,0,21.74,85.76,10.2,0,92.94,67.57,71.43,0,0,5.81,15.63,49.5,7.04,0,0,0,61.73,20,0,13.51,10.64,0,0,0,51.55,9.43,90.74,15.15,0
Vandetanib,20,0,91.24,96.9,87.87,76.92,0,0,0,51.55,10,22.73,0,0,0,19.23,14.29,0,0,0,0,0,0,0,25,66.67,0,88.34,0,67.57,0,0,0,75.76,0,0,22.73,0,0,0,0,0,0,0,0,0,0,0,0,0,0,0,0,0,0,0,0,10.87,0,0,0,0,0,0,0,0,21.74,0,0,0,0,29.41,16.67,0,0,0,14.29,0,0,0,0,0,0,0,0,0,0,0,0,97.85,60.98,0,0,18.52,0,0,0,0,0,98.14,0,68.49,31.25,20,23.81,67.57,90.91,17.24,84.6,63.29,53.19,0,49.02,86.81,16.13,75.76,51.02,0,0,25,0,0,0,0,0,0,0,47.17,31.25,23.81,17.86,64.94,65.79,37.04,31.25,74.63,58.14,85.32,0,0,0,0,0,0,58.14,0,0,0,0,8.33,10.87,0,0,0,0,0,0,0,29.41,0,86.96,0,0,0,0,0,0,0,0,65.79,0,0,96.71,0,0,0,86.06,0,47.62,81.97,0,0,0,0,0,0,14.29,23.81,25,26.32,52.63,0,0,0,0,0,0,0,21.74,31.25,0,0,91.07,0,0,26.32,8.06,12.82,0,58.14,22.73,0,0,0,0,16.13,16.67,0,0,0,0,0,0,0,0,0,0,0,0,0,0,0,0,0,0,0,0,0,0,0,0,0,0,0,0,0,0,0,0,0,0,0,0,0,0,0,68.49,85.03,0,0,0,0,0,31.25,5.95,0,0,0,0,0,0,0,0,0,0,0,0,0,0,0,0,0,0,0,0,0,0,0,44.64,0,0,0,0,0,0,0,0,0,0,0,0,0,0,11.36,0,93.63,0,0,0,0,99.09,44.64,0,0,12.2,0,0,0,0,0,0,55.56,0,0,0,0,67.57,23.81,0,0,0,20.83,53.76,84.03,0,0,87.72,20.83,0,0,0,0,26.32,89.93,0,0,0,0,0,0,0,0,0,11.9,0,0,25,33.33,0,0,17.86,0,0,15.15,0,0,0,0,0,0,11.9,0,0,84.32,0,0,7.25,37.88,0,0,0,9.09,0,0,80.65,0,33.78,8.93,0
Vatalanib,22.17391304,0,0,0,0,0,0,0,0,0,0,0,0,0,0,0,0,0,0,0,0,0,0,0,0,0,0,0,0,0,0,0,0,17.24,0,0,0,0,0,0,0,0,0,0,0,0,0,0,0,0,0,25,0,0,0,0,0,0,10,0,0,0,0,0,0,0,5.38,0,0,0,0,91.74,0,0,0,0,0,0,0,0,0,0,0,0,0,0,0,0,0,64.94,0,0,0,0,0,0,0,0,0,0,0,0,0,0,0,0,0,0,0,0,0,0,0,0,0,0,0,0,0,0,0,0,0,0,0,0,0,0,0,0,0,0,98.12,0,60.24,21.74,0,0,0,0,0,0,0,0,0,0,0,0,0,0,0,0,0,0,0,0,0,0,0,0,0,0,0,0,0,0,0,0,0,98.99,0,0,0,0,0,0,0,0,0,0,0,0,0,0,0,0,0,0,0,0,0,0,0,0,0,0,0,0,0,0,0,0,0,0,0,0,0,0,0,0,0,0,0,0,0,0,0,0,0,0,0,0,0,0,0,0,0,0,0,0,0,0,0,0,0,0,0,0,0,0,0,0,0,0,0,0,0,0,0,0,0,0,0,0,0,0,83.89,95.24,0,0,0,0,0,0,0,0,0,0,0,0,0,0,0,0,0,0,0,0,0,0,0,0,0,0,0,0,0,0,0,0,0,0,0,0,0,0,0,0,0,0,0,0,0,0,0,0,0,0,0,0,0,0,0,0,0,0,0,0,0,0,0,0,0,0,0,0,0,0,0,0,0,0,0,0,0,0,0,0,0,0,0,0,0,0,0,0,0,0,0,0,0,0,0,0,0,0,0,0,0,0,0,0,0,0,0,0,0,0,0,0,0,0,0,0,0,0,0,88.97,0,0,0,0,0,0,0,0,20.83,10.2,0
VX-745,29.13043478,0,0,0,20.83,0,0,0,0,0,0,0,0,0,0,0,0,0,0,0,0,0,0,0,0,0,0,13.89,0,0,0,0,0,0,0,0,0,0,0,0,0,0,0,0,0,0,0,0,0,0,0,0,0,0,0,0,0,0,0,0,0,0,0,0,0,0,0,0,0,0,0,16.13,0,0,0,0,0,0,0,0,0,0,0,0,0,0,0,0,0,31.25,0,0,0,0,0,0,0,0,0,0,0,9.62,0,0,0,0,0,0,0,7.46,0,0,0,0,0,0,0,0,0,0,0,0,0,0,0,0,0,0,0,0,0,27.78,0,0,0,0,19.23,0,0,0,0,0,0,0,0,0,0,0,0,0,0,0,0,0,0,0,0,0,0,0,0,0,0,0,0,0,0,0,0,0,0,0,9.8,0,0,0,0,0,0,22.73,0,0,0,0,0,0,0,0,0,0,0,0,0,0,0,0,0,0,0,0,0,0,0,0,0,0,0,0,0,0,0,0,0,0,0,0,0,0,0,0,0,0,0,0,0,0,0,0,0,0,0,0,0,0,0,0,0,0,0,0,0,0,0,99.44,87.11,0,0,0,0,0,0,0,0,0,0,0,5.38,5.62,0,0,0,0,0,0,0,0,0,0,0,0,0,0,0,0,0,0,0,0,0,0,0,0,0,0,0,0,0,0,0,0,0,0,0,0,0,0,0,0,0,0,0,0,0,0,0,0,0,0,0,0,0,0,0,0,0,0,0,0,0,0,0,0,0,0,0,0,0,0,0,0,0,0,0,0,0,0,8.33,0,0,0,0,0,0,0,0,0,0,0,0,0,0,0,0,0,0,0,0,0,0,0,0,0,0,0,0,0,0,0,0,0,0,0,0,0,0,0,0,0,0,0,0,0,0,0,23.81,0,0,0,0