,UNKNOWN,Abl(h),ACK1(h),ALK(h),ALK4(h),AMPKa1(h),AMPKa2(h),Arg(h),ARK5(h),ASK1(h),Aurora-A(h),Aurora-B(h),Aurora-C(h),Axl(h),Blk(h),Bmx(h),BRK(h),BrSK1(h),BrSK2(h),BTK(h),CaMKI(h),CaMKIIb(h),CaMKIIg(h),CaMKIId(h),CaMKIV(h),CaMKId(h),CDK1/cyclinB(h),CDK2/cyclinA(h),CDK2/cyclinE(h),CDK3/cyclinE(h),CDK5/p25(h),CDK5/p35(h),CDK6/cyclinD3(h),CDK7/cyclinH/MAT1(h),CDK9/cyclin T1(h),CHK1(h),CHK2(h),CK1g1(h),CK1g2(h),CK1g3(h),CK1d(h),CK2(h),CK2a2(h),cKit(h),CLK2(h),CLK3(h),c-RAF(h),CSK(h),cSRC(h),DAPK1(h),DAPK2(h),DCAMKL2(h),DDR2(h),DMPK(h),DRAK1(h),DYRK2(h),eEF-2K(h),EGFR(h),EphA1(h),EphA2(h),EphA3(h),EphA4(h),EphA5(h),EphA7(h),EphA8(h),EphB1(h),EphB2(h),EphB3(h),EphB4(h),ErbB4(h),FAK(h),Fer(h),Fes(h),FGFR1(h),FGFR2(h),FGFR3(h),FGFR4(h),Fgr(h),Flt1(h),Flt3(h),Flt4(h),Fms(h),Fyn(h),GCK(h),GRK5(h),GRK6(h),GRK7(h),GSK3a(h),GSK3b(h),Haspin(h),Hck(h),Hck(h) activated,HIPK1(h),HIPK2(h),HIPK3(h),IGF-1R(h),"IGF-1R(h), activated",IKKa(h),IKKb(h),IR(h),"IR(h), activated",IRAK1(h),IRAK4(h),IRR(h),Itk(h),JAK2(h),JAK3(h),JNK1a1(h),JNK2a2(h),JNK3(h),KDR(h),Lck(h),Lck(h) activated,LIMK1(h),LKB1(h),LOK(h),Lyn(h),MAPK1(h),MAPK2(h),MAPKAP-K2(h),MAPKAP-K3(h),MARK1(h),MEK1(h),MELK(h),Mer(h),Met(h),MINK(h),MKK6(h),MKK7b(h),MLCK(h),MLK1(h),Mnk2(h),MRCKa(h),MRCKb(h),MSK1(h),MSK2(h),MSSK1(h),MST1(h),MST2(h),MST3(h),mTOR(h),mTOR/FKBP12(h),MuSK(h),NEK11(h),NEK2(h),NEK3(h),NEK6(h),NEK7(h),NLK(h),p70S6K(h),PAK2(h),PAK3(h),PAK4(h),PAK5(h),PAK6(h),PAR-1Ba(h),PASK(h),PDGFRa(h),PDGFRb(h),PDK1(h),PhKg2(h),Pim-1(h),Pim-2(h),Pim-3(h),PKA(h),PKBa(h),PKBb(h),PKBg(h),PKCa(h),PKCbI(h),PKCbII(h),PKCg(h),PKCd(h),PKCe(h),PKCz(h),PKCh(h),PKCq(h),PKCi(h),PKCm(h),PKD2(h),PKG1a(h),PKG1b(h),Plk1(h),Plk3(h),PRAK(h),PRK2(h),PrKX(h),PTK5(h),Pyk2(h),Ret(h),RIPK2(h),ROCK-I(h),ROCK-II(h),Ron(h),Ros(h),Rse(h),Rsk1(h),Rsk2(h),Rsk3(h),Rsk4(h),SAPK2a(h),SAPK2b(h),SAPK3(h),SAPK4(h),SGK(h),SGK2(h),SGK3(h),SIK(h),Snk(h),SRPK1(h),SRPK2(h),STK33(h),Syk(h),TAK1(h),TAO1(h),TAO2(h),TAO3(h),TBK1(h),Tec(h) activated,TGFBR1(h),Tie2 (h),TLK2(h),TrkA(h),TrkB(h),TSSK1(h),TSSK2(h),Txk(h),ULK2(h),ULK3(h),VRK2(h),WNK2(h),WNK3(h),Yes(h),ZAP-70(h),ZIPK(h)
AG 1024,37.39130435,96,27,14,52,47,13,49,-6,-9,-22,55,1,5,64,5,-10,37,37,12,-5,9,45,54,17,-2,2,7,2,-3,-13,13,-1,8,10,-5,1,3,10,13,52,-14,-13,-2,-3,-8,30,-5,25,11,-3,9,13,-7,0,-1,-18,-16,-30,-4,-6,-1,3,-2,1,4,-21,-21,-10,-32,-4,-7,2,11,-5,1,-2,4,18,16,17,24,85,9,0,-4,-2,26,4,46,92,9,-4,29,2,-1,-4,1,1,-8,-5,-7,8,-2,-4,-13,5,-10,-14,46,17,51,6,10,3,32,87,3,-4,9,31,7,4,11,10,-3,-13,-15,-2,2,3,11,9,12,3,8,13,-19,14,0,14,11,28,-9,-1,-9,-18,-16,47,58,-4,-27,0,10,4,-11,56,-6,-3,6,-6,49,14,-4,41,-2,-20,3,7,3,-8,-3,3,9,-1,6,25,7,-17,-5,13,40,3,-10,35,-17,32,24,15,-8,84,18,7,14,-11,-4,13,22,18,-6,-12,-1,-10,7,-1,30,1,-39,33,12,19,-8,5,-3,30,-3,3,6,-3,3,-1,2,22,-34,-1,10,-4,-12,1,-5,-14,-5,15,8,3
AG 1296 Tyrphostin,2.173913043,17,44,18,-14,18,25,16,23,23,2,50,13,16,8,-6,-2,14,33,4,20,18,22,20,40,-4,-1,-1,3,9,3,7,11,9,-1,22,12,22,52,29,61,-10,-15,76,6,19,14,6,5,22,-5,48,8,-1,-5,1,-1,-16,6,7,15,-2,1,6,2,-1,-9,10,-23,15,5,1,13,12,7,-13,2,-1,33,84,83,93,16,10,1,9,7,-10,-38,36,44,15,-1,3,0,-17,0,0,5,-4,3,6,34,20,-4,-1,42,3,-8,21,36,25,20,5,3,12,42,19,2,20,2,20,8,40,38,32,38,8,10,14,40,23,7,21,-7,12,8,-7,0,29,-1,7,25,-4,0,15,11,-10,7,53,-4,93,7,23,26,-2,7,73,27,-4,-6,18,-44,1,26,-6,17,2,1,-24,4,-5,-9,2,-15,19,-6,32,4,1,-14,64,25,7,15,-6,24,10,24,8,42,-16,7,8,-3,2,43,75,32,6,12,-3,-3,-5,5,24,-5,26,7,-6,10,-3,0,18,9,7,3,24,37,0,20,-2,101,63,8,16,27,1,14,14,6,5,5,-9,0
AG-490 (Tyrphostin B42),10,2,38,-8,3,47,30,8,0,3,2,3,24,23,7,14,-10,2,-5,-17,13,11,-10,4,16,-3,-2,15,-1,19,9,-6,7,-7,28,2,27,7,2,5,13,2,0,0,20,-16,4,0,-4,0,-15,12,7,-48,39,27,-22,8,-6,-1,14,4,-10,15,3,-10,-24,-33,-2,-10,4,-6,24,9,-20,-22,-5,18,16,26,10,19,20,15,9,11,14,-21,6,52,30,20,-8,-1,-1,35,5,11,-8,11,15,19,0,15,-4,-10,-4,11,4,28,13,51,5,4,0,1,30,35,-10,23,-10,12,-17,28,5,27,16,-1,32,0,31,17,13,18,43,26,12,-11,2,35,-16,-13,24,-3,9,-12,1,-25,8,35,15,13,10,15,10,-11,45,0,-4,-11,-14,30,4,15,25,-20,4,17,-9,-9,3,-2,6,3,-10,18,9,10,2,-2,10,36,36,20,41,-12,30,3,-1,-20,18,-23,22,6,8,2,-2,55,7,-17,-2,-18,-24,-10,68,83,27,99,7,-13,2,9,29,-1,10,7,9,35,13,4,29,15,101,-2,7,2,14,15,14,3,8,1,27,-29,-13
"Akt Inhibitor V, Triciribine",27.82608696,11,20,-34,3,25,5,2,20,-25,16,-6,26,20,9,-2,-7,9,-35,4,9,13,-1,9,-10,-15,6,-5,16,1,12,-3,-3,-3,10,5,3,-2,18,3,16,1,6,-4,31,-16,-1,9,4,19,-6,15,9,-35,-9,29,-11,-5,-11,-2,-6,-4,1,10,-2,10,-6,-21,-20,26,-12,-5,-2,6,-13,-7,4,-5,6,31,9,-2,1,13,3,5,5,-36,20,88,26,-5,-11,20,3,6,-3,-1,7,-7,-4,4,12,-6,3,-14,-13,6,-13,29,10,5,9,6,2,-5,31,19,-15,-2,28,-2,-1,5,3,-8,-4,3,0,2,1,6,7,2,-13,-11,17,-9,-4,19,-8,4,10,0,-12,5,-20,-1,5,-3,-11,-10,5,-17,9,-10,1,-11,-12,-3,-19,18,-23,-5,15,-4,-3,-6,-1,6,-6,-1,8,-10,-5,-2,-1,9,-2,-11,12,7,5,9,-5,-4,-8,13,-2,5,9,-5,10,17,-2,1,-9,2,12,-20,3,-8,-13,4,-5,32,13,19,10,-1,0,11,13,0,10,5,0,8,8,4,20,5,4,-5,6,24,17,-5,5,8,14,0,-3,-29,-1
"Akt Inhibitor VIII, Isozyme-Selective, Akti-1/2",-33.47826087,-37,23,37,-1,6,21,11,20,4,8,23,14,36,50,37,21,40,-33,24,105,94,84,98,51,71,4,13,15,18,23,-4,-3,15,-5,12,13,38,21,52,47,-1,5,13,24,24,-9,11,4,5,22,2,15,-43,-12,2,43,-6,10,5,24,19,1,7,-4,24,10,-5,-17,39,13,1,3,62,22,1,12,17,14,62,41,49,28,20,15,6,6,-23,-6,51,58,9,2,36,9,61,20,-9,-2,25,2,12,7,5,5,-7,-26,14,-1,31,10,-25,56,3,3,10,47,33,-7,-3,10,10,38,35,49,12,20,10,-12,96,0,33,-28,18,-6,4,9,20,20,20,2,-2,16,12,16,43,-16,31,16,44,15,-142,26,33,32,5,58,-1,4,-20,47,13,2,3,-45,10,21,31,-4,7,7,2,-11,0,3,17,-9,10,3,-8,-10,3,20,6,63,-15,23,-7,11,17,36,-19,26,21,7,9,16,65,7,-9,-13,-3,18,9,32,26,19,56,8,3,20,5,24,4,35,44,34,32,62,13,63,16,44,30,46,55,6,-6,5,7,17,15,27,2,5
Alsterpaullone,22.60869565,54,76,9,53,60,64,24,91,-5,-5,78,16,42,67,33,-7,9,80,10,33,24,85,80,6,-5,77,90,89,94,94,94,74,13,98,66,99,14,33,56,22,9,71,-9,2,18,9,8,71,19,6,4,3,12,93,29,1,8,-3,0,13,-5,22,14,-1,19,-7,-13,5,17,40,-4,57,41,14,-9,-2,52,76,80,68,74,100,95,2,5,4,98,97,8,72,19,0,19,-8,-23,-4,-1,10,1,4,41,56,4,23,-6,-1,1,-1,34,58,66,55,8,1,-10,95,11,1,50,47,72,-29,36,6,6,64,23,11,14,95,9,21,43,-7,-2,0,70,79,53,-14,0,28,21,9,2,-18,-4,15,-3,70,44,79,75,59,44,-25,-12,0,55,10,15,-17,1,14,-4,-20,1,-5,10,1,-6,2,7,4,7,4,2,21,5,0,19,0,16,19,9,47,54,62,21,77,11,11,-8,6,11,9,66,78,62,0,-3,-5,13,22,32,25,32,4,16,5,8,22,22,70,9,17,63,28,35,-25,32,37,8,12,11,61,55,47,4,5,7,80,-5,2
ATM Kinase Inhibitor (KU-55933),12.60869565,11,16,16,3,10,5,10,17,2,-20,8,8,14,24,31,4,4,4,20,13,18,15,16,2,9,23,22,13,3,6,10,15,20,11,6,13,57,88,51,56,-9,-4,-2,8,13,45,1,8,19,11,15,0,-5,7,5,10,-3,6,18,6,-4,12,2,-11,8,-26,-21,-18,8,-16,17,4,5,19,16,12,7,15,17,31,26,6,-1,1,-1,3,65,34,2,18,0,1,23,-4,-13,-1,7,-3,-36,1,-8,2,4,1,-11,-13,3,0,11,11,6,-2,8,1,-1,14,-25,0,15,21,4,-4,10,11,-20,0,22,18,31,4,6,-12,7,-16,10,6,-9,7,19,26,40,4,36,8,1,-22,-40,-1,7,5,-16,4,9,28,6,20,-3,8,-7,0,70,71,15,-4,-3,-13,16,14,0,-1,5,-4,6,0,-1,9,-2,20,-3,-5,20,1,5,60,3,28,8,-12,17,4,4,-1,-4,4,-3,6,7,1,13,1,-9,-1,-5,0,28,22,17,4,17,9,13,10,11,20,10,18,20,25,12,39,4,5,24,2,10,9,-1,4,3,22,13,9,15,1
ATM/ATR Kinase Inhibitor (CGK 733),28.69565217,23,22,3,-3,29,23,7,14,-5,31,31,9,9,19,17,-3,37,27,11,9,28,11,18,-10,-7,1,4,23,7,2,17,6,-6,5,-4,18,45,42,52,36,15,-4,-4,10,16,-6,-1,17,29,22,14,10,-6,10,0,-16,-19,8,-14,-14,-8,9,1,3,16,-39,16,-8,2,-14,-3,-17,41,27,-10,17,-7,-6,18,24,29,42,26,0,13,2,11,31,53,62,-12,7,23,-3,58,15,0,-1,4,7,-11,3,-10,-7,-11,22,-2,-14,21,-2,45,26,25,-3,-4,34,18,-10,22,24,20,-20,24,-10,-12,9,20,4,21,-3,2,-4,13,-14,6,-8,-5,29,18,8,22,2,51,12,11,-8,4,-1,1,-6,22,3,34,39,14,25,-20,4,13,10,33,30,-6,-2,-3,-17,31,-2,-5,-3,-7,-6,4,6,10,-4,7,12,0,8,27,2,2,51,-2,48,53,-7,14,8,-8,-2,7,6,-5,19,-5,-12,6,-5,3,-9,-4,17,13,23,-9,13,8,2,9,-13,8,17,8,10,26,38,13,18,6,48,11,-3,-1,24,-6,2,5,5,-6,0,-9,0
Aurora Kinase/Cdk Inhibitor (JNJ-7706621),20.43478261,94,91,62,53,89,85,92,93,54,102,101,99,87,91,94,26,88,85,67,40,57,81,69,36,22,100,99,101,100,100,100,88,90,100,69,89,88,105,61,35,3,1,37,91,100,74,0,66,4,23,75,13,15,53,16,44,2,94,61,28,5,27,92,45,86,32,-6,82,8,48,45,73,100,93,96,34,80,98,95,100,93,90,94,76,47,94,96,97,8,75,79,82,94,76,-5,37,41,31,38,60,57,63,43,60,100,99,56,52,88,96,71,82,98,5,94,89,19,6,-6,8,92,36,76,99,90,20,50,9,78,99,34,16,40,14,57,67,98,96,94,8,2,80,44,30,29,-15,-5,66,75,10,19,83,76,66,92,1,13,18,79,-7,48,27,-2,16,-3,-5,8,82,59,46,81,77,27,12,36,80,0,81,22,-4,13,47,15,30,68,10,62,86,95,59,84,97,67,18,72,92,92,96,98,14,23,33,69,25,51,21,94,40,93,96,24,89,66,96,98,96,81,66,38,100,83,95,95,53,24,59,61,91,31,18,20,96,8,7
BAY 11-7082,7.391304348,3,25,7,-6,11,14,3,6,-15,-3,12,10,6,-17,20,-6,1,23,4,23,12,6,-7,14,-7,-2,9,-5,4,-1,20,7,10,13,11,22,17,3,9,11,2,-3,-14,-12,4,13,-5,24,13,-5,1,0,0,5,-2,-1,6,8,-8,-5,-10,-1,4,-2,8,-26,-11,10,10,-2,1,-8,18,11,-18,-6,-5,0,11,11,11,0,11,-1,6,10,-2,-21,-2,18,3,10,4,2,-7,2,0,-7,9,5,-9,8,-6,-2,-3,-5,4,-12,16,5,6,3,8,0,-8,6,-14,-10,26,15,11,5,0,-8,-23,-4,6,23,15,3,-1,5,8,-25,1,-2,-9,5,12,-1,18,4,19,10,2,-8,13,8,-2,2,-17,5,-6,16,10,14,-9,-7,-8,-11,5,-3,-2,-2,-12,-16,15,7,-2,-3,13,-5,8,4,10,23,0,16,-2,1,8,-2,3,-11,13,-1,18,-4,10,12,-6,7,9,8,1,-21,-20,-9,-12,3,-4,8,-3,-4,-1,19,3,15,7,5,4,-9,12,13,-9,2,19,10,19,-18,11,8,-5,-7,9,13,-4,2,3,5,2,-3,-18,7
Bcr-abl Inhibitor (GNF-2),30,7,14,42,-5,7,17,11,10,5,-12,37,5,24,43,-14,-5,-20,-37,8,1,-2,7,2,-12,-25,22,6,12,13,35,25,4,9,31,4,13,37,42,31,26,3,-11,-11,-1,-32,-18,-13,2,1,-9,-154,4,-43,-45,9,-35,-11,4,-18,-25,-2,-19,-1,-12,-7,-36,-17,-48,-41,5,-11,1,8,-16,-36,-10,-6,4,7,19,27,22,12,3,0,4,18,36,35,7,3,-6,9,4,-1,-7,-49,-12,-17,-11,7,-15,2,-4,-23,-4,-7,-7,-15,11,-23,9,6,2,-6,18,18,7,-20,-18,2,6,25,11,36,-3,5,-1,-2,13,46,-45,-8,-13,-23,13,-6,8,7,8,-1,2,-15,-4,1,-22,4,60,26,-8,-41,3,16,-12,-7,3,-23,-7,-10,-16,0,-45,-3,-9,-8,9,-24,-10,-12,4,-1,-14,-15,-18,9,-17,31,2,9,-14,-21,12,3,22,-22,-30,-5,5,13,44,-6,6,0,-4,-7,6,60,30,-21,-7,-2,-25,4,-59,8,-33,93,8,3,11,-9,22,5,7,1,5,21,-8,8,5,3,35,-40,1,3,-1,-4,7,11,-2,-9,-2,-20,-17
Bisindolylmaleimide I (GF109203X),13.47826087,-8,55,9,24,90,96,24,89,-8,20,93,28,61,87,71,11,61,78,28,51,82,94,95,55,90,60,62,65,67,75,67,47,87,97,83,84,3,-4,22,21,-1,-4,8,98,79,-10,0,5,25,67,12,18,75,54,3,-15,2,63,32,18,18,-3,13,-6,41,-13,-10,-18,14,63,19,86,97,67,71,30,45,99,99,99,70,30,78,91,68,93,98,97,88,46,16,47,79,65,1,4,42,18,0,28,11,47,25,1,10,74,2,2,-1,86,51,57,27,-2,85,78,6,7,27,-9,75,48,87,89,42,53,24,4,93,87,48,24,60,96,97,45,91,83,93,6,12,26,41,-5,10,-13,-21,12,98,3,67,25,23,22,78,82,22,35,85,37,99,96,95,80,-4,40,93,99,99,98,99,101,99,84,99,99,53,57,18,86,94,16,-4,-7,94,62,16,58,36,23,11,12,13,3,24,98,99,101,97,-6,4,-31,0,87,91,35,89,12,37,43,76,43,36,47,51,73,78,35,29,40,98,87,86,63,6,21,12,39,24,14,3,67,-18,65
"Casein Kinase I Inhibitor, D4476",-3.913043478,8,32,48,100,8,-7,17,9,4,-7,30,10,15,15,28,-2,23,3,1,27,12,0,2,15,7,4,15,13,8,16,20,9,19,-9,3,19,17,37,53,98,3,-4,-7,13,24,45,9,6,22,8,13,3,3,-13,3,0,-3,6,-16,6,-5,-15,2,23,15,76,2,59,41,27,-7,-1,19,18,27,5,-2,30,49,54,36,17,6,3,12,6,-6,2,18,34,-2,0,5,-11,-37,-10,0,-9,-23,3,0,3,-10,-1,-1,1,13,-6,6,19,12,26,12,-6,32,4,-11,-4,-6,22,11,0,30,-3,-2,-1,42,5,23,21,4,-17,8,-24,16,4,-18,-7,18,16,15,7,35,9,7,-15,-4,7,14,2,15,2,15,16,-12,1,1,25,-7,7,6,-30,3,4,-12,22,6,4,-21,22,-10,0,-6,-3,12,8,0,38,13,-13,37,29,9,11,2,14,11,-15,9,82,10,1,14,10,-1,-2,47,-3,-11,63,12,2,-2,10,11,18,13,0,-29,5,-1,-2,-2,20,7,10,28,9,95,28,13,18,32,-2,37,6,-5,5,2,4,2,6,14,-5
"Cdc2-Like Kinase Inhibitor, TG003",90.43478261,21,36,8,-6,46,37,19,15,-2,10,-22,22,25,33,24,-2,7,6,11,22,30,17,31,2,16,26,26,24,20,31,29,16,19,19,11,24,79,99,89,96,35,35,4,94,60,23,11,16,21,10,-6,12,30,13,105,11,-7,10,-8,11,-9,12,23,5,20,-16,5,11,31,5,0,-4,23,7,0,9,27,19,61,35,34,3,45,7,21,19,66,37,96,29,21,9,23,25,15,2,0,0,19,2,0,29,2,8,0,-6,11,9,36,24,34,20,16,4,8,63,-7,-8,14,16,35,-16,52,13,17,3,17,10,20,12,24,16,13,-9,19,11,8,1,26,-9,-2,25,40,19,9,-11,-5,23,10,8,18,7,20,12,6,52,10,20,6,2,96,81,89,9,-8,3,9,1,0,18,1,-9,-3,1,29,4,-3,82,30,58,77,16,15,0,24,58,17,4,16,40,7,27,15,15,-2,-6,17,43,-8,19,5,16,20,17,48,35,-3,13,7,12,42,0,20,54,8,32,49,11,13,19,21,20,29,12,25,23,6,10,16,30,26,29,-23,13
cFMS Receptor Tyrosine Kinase Inhibitor (GW2580),-18.69565217,-17,32,18,-19,13,18,-6,14,10,-11,24,24,26,2,20,-1,5,-15,-8,24,12,3,1,6,11,-9,9,11,20,17,16,18,16,-1,20,8,7,7,30,12,-7,26,-1,0,97,3,-1,10,18,-4,6,-3,-39,-12,1,-5,-14,23,3,22,-3,6,13,-10,5,-29,-10,-13,30,14,14,6,17,24,-1,14,17,1,19,-15,100,1,37,5,11,13,-19,20,30,35,13,7,10,2,-33,4,-2,5,25,-5,33,6,18,1,-7,6,30,7,9,7,23,13,10,-2,8,17,24,-9,4,3,29,10,20,3,-29,4,20,20,13,4,0,24,20,-9,-4,18,23,4,35,-19,-6,25,-15,10,13,-6,10,20,49,12,5,15,0,10,7,10,1,8,-5,21,-13,-15,6,3,-3,4,-2,0,-9,4,-5,1,22,-6,13,7,-9,23,-8,-4,6,29,4,15,5,12,-4,0,8,20,-20,22,38,1,11,-9,36,29,-16,1,1,10,9,3,5,10,-11,11,3,15,8,12,14,12,21,6,42,19,23,22,10,96,112,32,16,32,6,8,6,25,8,12,9,11
"ERK Inhibitor II, FR180204",14.34782609,81,71,7,14,18,2,82,21,0,8,59,34,16,37,82,22,30,4,53,21,20,8,7,36,45,1,10,4,10,1,21,57,11,8,18,22,16,15,17,83,15,8,-8,16,10,38,-3,23,12,1,25,26,25,-17,12,11,55,34,5,7,0,6,17,20,13,-10,-4,33,43,17,34,14,39,17,-2,6,50,77,78,77,72,48,76,1,11,19,70,51,15,60,60,5,5,7,22,24,-7,-2,75,56,-4,36,77,12,1,8,29,91,100,41,42,32,15,6,71,67,97,87,6,7,22,62,3,43,12,61,35,30,26,69,-1,2,21,-13,22,44,13,9,85,3,13,14,3,14,13,2,-6,26,0,13,14,10,10,1,2,-14,0,1,6,2,15,26,17,23,1,-23,18,9,4,7,2,96,59,7,81,84,0,88,51,-4,24,8,1,-1,24,26,54,28,42,22,-5,10,58,20,1,7,4,32,12,67,34,31,12,-23,36,20,37,4,31,17,14,-10,23,44,50,60,33,50,17,28,18,76,48,10,14,40,4,13,32,10,14,67,19,12
Flt-3 Inhibitor (TCS 359),7.826086957,14,46,28,17,22,25,-1,25,-9,4,54,24,24,6,8,-14,4,-3,-18,25,27,34,34,15,4,7,9,3,8,-8,12,6,-14,3,-4,2,-3,0,1,4,-15,9,13,18,48,6,1,-4,14,-5,39,2,-27,-11,10,-5,-4,-11,-7,11,5,-8,13,15,0,-10,-22,-20,3,22,9,17,-18,1,-9,1,7,19,65,88,57,5,19,7,16,19,-5,1,7,30,6,-5,4,3,26,12,-13,12,18,4,14,48,10,4,-1,0,32,6,31,25,-3,16,14,-5,13,54,14,-9,12,21,19,-1,22,14,-10,8,-20,27,34,4,18,15,26,12,1,7,5,9,35,-4,12,16,4,-3,28,-3,17,10,17,10,40,14,-16,7,-8,10,14,3,4,16,3,-14,3,5,-9,15,13,0,6,-1,-4,-4,4,-9,23,16,-7,4,-8,12,10,25,9,24,-14,5,20,11,-13,29,-19,20,27,3,4,-3,7,3,1,0,-5,17,9,-9,48,10,9,3,5,11,3,11,14,14,17,7,29,14,8,41,13,24,29,25,15,27,8,16,15,16,6,10,-14,-6
Go 6976,67.39130435,9,100,96,36,78,84,31,94,84,81,99,65,68,71,93,64,94,94,91,68,90,105,99,42,80,82,83,88,71,96,94,62,21,64,100,85,15,30,52,52,-3,4,18,71,99,7,-2,21,27,-5,40,14,-14,64,34,-16,15,4,8,50,9,8,61,20,37,-11,-18,-4,17,83,96,72,94,54,47,11,53,96,100,97,95,42,99,25,19,66,81,74,92,91,42,23,89,72,-4,24,81,37,46,15,56,96,47,96,97,98,69,27,91,94,41,35,80,4,92,91,49,56,15,23,95,66,96,71,-6,84,99,66,89,98,90,21,36,98,95,21,98,98,43,-12,1,63,40,18,48,-13,20,59,96,11,65,98,86,98,91,51,24,32,94,98,78,60,48,64,-5,18,46,97,94,71,84,52,43,-8,40,83,9,88,68,55,68,34,0,32,90,80,67,96,99,46,3,69,41,97,15,96,99,101,96,12,0,39,16,60,53,18,76,9,16,15,86,95,43,90,91,84,91,91,37,32,46,101,112,90,60,92,11,84,11,22,12,39,-11,4
Go 6983,17.82608696,-14,79,36,53,89,95,26,90,0,3,93,41,60,93,82,18,52,69,15,55,72,90,92,39,95,14,30,11,25,43,43,46,82,96,59,91,4,-1,18,24,-11,7,19,98,55,8,17,14,24,68,45,14,-4,73,8,-27,10,58,67,40,27,8,56,4,47,12,-24,18,47,90,42,74,97,82,87,14,67,100,100,100,64,40,70,49,46,56,101,96,44,47,28,66,87,78,-4,18,36,7,27,29,25,14,33,21,19,50,43,15,63,97,75,73,35,1,78,87,18,8,-5,-35,47,25,74,90,10,39,12,-4,85,85,18,20,59,96,95,48,75,62,95,-11,0,35,52,10,6,-7,-4,51,98,34,39,25,17,5,47,68,34,37,86,5,99,91,83,83,-20,9,91,100,101,97,100,101,100,73,98,99,38,42,-2,72,78,38,9,6,75,21,14,68,55,36,-24,23,44,28,24,99,101,102,98,9,6,0,0,44,59,15,66,16,44,17,78,31,47,67,72,63,76,37,51,64,98,65,57,48,9,27,18,41,31,32,23,80,-20,73
GSK-3 Inhibitor IX (BIO),24.34782609,94,98,90,4,90,90,98,82,14,75,101,24,61,95,87,-2,88,94,100,88,92,98,98,27,40,88,62,93,99,90,91,95,87,58,81,97,27,77,72,83,14,43,79,26,46,32,11,97,54,74,24,63,16,90,14,11,67,8,80,97,2,58,80,18,58,78,5,96,12,85,55,0,97,82,46,65,98,99,99,99,92,98,75,2,14,14,101,100,51,99,98,11,96,12,-27,-1,0,15,18,17,10,66,15,91,42,79,15,11,84,98,90,81,51,19,31,99,20,-6,10,9,81,-7,52,96,3,30,35,7,68,90,23,-3,13,22,45,-2,101,95,30,24,18,16,55,14,30,-6,15,15,71,12,4,75,45,79,97,-15,94,89,63,76,22,15,19,3,-7,-12,17,-4,-1,5,-7,-18,9,1,26,25,-12,0,5,-9,39,19,9,10,8,64,100,97,100,15,-2,7,11,13,22,27,94,72,76,17,8,6,8,86,45,36,92,4,16,30,28,63,19,42,9,18,85,87,23,21,52,100,101,10,38,77,2,84,10,9,7,96,5,82
GSK-3b Inhibitor I (TDZD-8),19.56521739,17,36,29,-10,18,10,10,6,8,9,34,23,34,10,23,5,17,4,9,33,17,1,10,49,15,-1,21,5,21,19,3,18,14,21,10,33,11,10,35,16,10,-4,15,-1,26,27,10,8,20,1,10,10,19,-20,18,17,-14,7,8,14,-1,-2,14,16,17,-21,-8,20,2,39,9,15,14,2,-26,-5,5,27,19,21,20,4,19,15,20,23,-1,-2,-16,36,10,1,6,-3,-4,6,7,1,18,7,-3,24,5,17,2,8,12,7,6,9,19,0,21,7,5,8,8,8,7,-10,30,-17,35,2,5,9,-16,-4,9,12,11,8,19,-16,15,-4,2,3,30,-1,-11,14,38,13,3,0,3,8,43,9,-8,11,6,6,4,-38,0,-3,4,2,5,-43,15,11,-11,16,16,97,46,57,97,55,89,0,83,15,81,36,7,-5,28,30,11,-16,16,13,8,-4,6,14,-4,17,25,20,-7,-25,35,3,7,13,11,3,2,4,2,14,17,6,9,24,12,-7,21,15,9,9,45,25,28,-3,20,32,-6,20,16,12,7,8,10,12,21,1,4,3
GSK-3b Inhibitor VIII (AR-A014418),23.91304348,23,45,36,-9,9,1,15,6,16,-13,50,22,25,99,28,83,4,14,65,28,19,4,7,4,6,16,21,11,74,27,34,27,31,95,18,23,36,35,37,27,9,8,0,-5,12,28,26,62,14,-4,6,28,20,4,15,5,3,11,-3,2,-2,-2,20,10,20,-17,-5,22,67,12,7,11,23,22,-13,-13,72,51,27,83,42,10,19,5,12,15,99,86,6,88,46,7,21,14,-23,6,-13,-8,13,7,-3,22,1,22,-2,19,6,1,43,32,63,91,13,11,7,99,8,-1,14,3,24,-20,7,7,1,7,19,14,24,14,-1,-4,6,-29,9,7,-5,9,20,1,2,33,34,18,4,-3,4,26,28,2,-6,20,21,23,8,-10,9,0,3,-7,-9,-35,18,11,-6,-7,14,-1,-2,1,-4,2,14,-5,24,18,-10,14,1,-11,26,24,8,15,19,41,42,23,22,19,5,8,14,14,-8,-9,39,6,5,13,10,8,11,-12,-2,-2,14,4,9,22,0,-10,21,31,9,7,41,-7,25,7,26,53,-10,4,36,26,2,10,9,30,19,87,11,-1
"GSK3b Inhibitor XII, TWS119",13.47826087,105,101,92,64,87,85,102,93,5,99,100,80,61,99,97,100,92,80,101,34,77,90,90,16,46,67,73,59,66,88,86,36,33,95,89,88,51,52,50,56,-5,-4,98,50,37,90,79,103,-1,9,22,96,16,68,38,-14,104,101,98,100,96,98,85,94,101,101,10,103,81,58,90,99,100,98,91,78,98,100,99,100,101,102,92,7,7,9,97,94,55,99,101,13,46,6,-24,15,22,9,54,22,80,31,42,51,81,79,11,18,43,98,93,100,96,89,91,101,28,17,18,-12,89,-2,71,65,78,93,80,30,75,99,80,-9,16,-17,32,7,26,31,77,17,6,83,75,29,77,-10,-13,67,51,30,38,81,69,52,82,-1,90,92,60,9,66,16,9,15,-8,12,17,3,-7,5,-1,5,2,-8,36,43,1,49,46,-14,9,17,26,29,33,30,100,95,100,89,3,13,60,40,100,32,68,73,59,89,93,11,9,4,27,15,98,35,20,29,39,97,92,61,74,63,81,100,44,99,13,94,56,29,22,97,24,94,11,60,51,101,20,-12
H 89 2HCl,86.52173913,-21,57,42,-7,85,81,23,89,11,19,92,78,7,24,44,2,47,56,4,2,71,59,65,59,29,9,29,30,41,35,37,9,59,59,56,73,9,1,14,27,0,-8,-20,32,21,21,14,10,17,23,0,-6,9,-6,11,-6,-3,37,13,15,-9,5,15,7,4,-5,1,3,26,70,29,73,65,40,20,9,41,65,54,74,8,45,58,11,19,42,-7,-5,100,28,6,4,9,7,-11,-5,15,0,-1,10,25,19,-17,0,-17,-12,-3,-2,11,38,15,36,71,3,47,51,30,1,9,-3,63,15,91,75,11,25,31,4,37,26,22,-3,34,97,98,-2,5,10,48,19,38,24,31,3,9,-9,-11,17,95,7,-13,18,6,45,53,19,-11,18,0,27,10,-32,14,94,78,64,96,17,70,45,62,89,24,22,85,83,8,80,20,96,96,11,4,12,96,100,-6,42,18,5,71,100,11,3,12,76,94,87,91,18,3,8,-2,49,70,57,43,-7,-9,18,58,8,12,41,13,39,34,28,6,31,5,22,17,33,-15,39,8,14,0,7,8,9,-3,35
"HA-1077, Dihydrochloride",74.34782609,-2,15,26,-1,3,23,20,48,-5,-15,24,41,2,5,6,-4,16,20,5,13,24,18,36,10,9,2,16,4,12,-4,9,-10,37,71,5,46,0,-10,-7,13,-7,-9,-13,21,19,13,1,-6,12,9,-5,-6,5,15,-1,3,-2,16,-12,-7,-7,-11,4,5,2,-21,-5,1,-17,-11,-14,-1,19,15,-13,18,9,25,25,48,6,12,17,-1,2,11,-2,3,92,2,-3,-6,-3,-4,-2,-13,24,-3,-26,2,-9,1,1,-2,1,-19,-11,-7,-18,4,-6,7,0,11,15,27,8,20,-5,-4,10,-6,84,23,-9,-1,19,3,24,16,36,-18,13,59,79,-4,-2,5,-12,10,24,-7,5,0,-10,-3,-10,5,75,2,20,-1,-5,12,7,-13,-5,-9,-1,-8,18,-18,1,83,2,-12,45,12,54,33,37,68,31,1,74,33,-8,80,12,83,85,-13,2,16,90,98,3,-12,61,-13,64,96,-2,-9,-23,53,62,66,51,7,-9,-2,-2,5,33,20,4,-13,-4,9,7,-18,-2,15,-10,-2,3,6,-12,-11,-3,-17,-18,19,7,13,4,-6,1,-6,-2,-11,-21,18
IC261,10.43478261,15,44,25,-12,18,5,23,16,10,-7,52,13,29,19,39,4,16,9,12,18,24,4,11,-1,17,-1,24,5,22,15,23,23,16,52,19,22,30,15,31,94,9,10,-5,-7,19,33,1,14,19,5,0,10,19,-11,7,1,-20,18,7,16,-5,-1,6,16,12,-16,-7,18,-6,19,6,8,12,10,-19,-6,24,6,28,26,31,32,14,1,9,16,5,-6,39,31,12,2,4,2,-33,2,-7,-10,14,9,-3,25,2,7,6,0,16,12,-3,9,25,18,17,10,19,39,15,-1,6,4,17,-14,23,7,6,50,13,4,23,35,4,-11,16,-15,6,-11,-5,9,24,-2,-3,22,39,9,4,-4,14,14,37,2,-6,11,7,7,-1,-10,31,-15,-12,-10,25,-11,14,9,-10,12,20,10,-3,-1,-10,-10,-7,-6,6,10,-2,10,-5,-8,27,23,9,-13,13,53,1,-4,8,12,-26,8,28,37,-8,-1,43,3,5,15,8,4,0,14,-7,16,7,8,-3,14,8,4,19,17,19,32,44,23,19,41,15,41,2,9,1,0,1,5,68,22,17,22,18,4
IGF-1R Inhibitor II (PQ 401),-18.69565217,-45,20,42,-4,22,9,-14,8,-4,-36,-27,10,12,22,13,5,36,0,5,35,28,-3,4,5,-23,-4,12,21,9,-1,23,17,10,-1,19,-4,0,-7,-25,-8,-3,-7,8,-1,-7,-3,17,-13,34,-2,33,61,-18,42,-2,-12,9,11,-1,36,3,14,44,-12,32,36,16,0,20,36,-11,6,45,-14,-6,-10,18,9,20,7,27,2,23,-1,8,12,-48,-16,42,47,2,9,13,2,6,-1,-2,-7,-2,-4,0,14,24,3,-55,-45,21,-2,22,10,7,21,17,5,4,13,-1,-4,-3,-14,23,14,11,8,20,18,-14,1,29,0,19,-8,24,-15,5,75,21,20,17,-11,-6,29,7,14,9,-11,-1,18,38,14,16,12,0,12,-8,57,-3,-11,-14,47,3,-8,1,-20,6,2,55,2,2,3,-1,1,3,0,15,8,14,13,-6,-19,12,18,7,-17,-1,45,-29,15,13,7,-20,21,22,8,3,-16,-1,5,13,9,4,15,11,27,13,22,-34,-6,-2,14,2,12,5,19,15,17,31,45,6,-6,5,40,-14,13,12,40,15,4,6,21,22,18,-32,13
IKK-2 Inhibitor IV (TPCA-1),6.956521739,68,98,69,32,73,75,81,87,92,97,98,97,76,96,95,74,85,82,99,82,60,68,69,28,76,43,79,74,57,67,67,67,39,58,93,96,29,25,21,69,66,82,96,54,55,81,44,90,30,36,22,60,24,61,24,62,9,94,96,67,57,72,75,46,100,81,-17,94,41,91,50,76,95,90,85,9,96,98,97,100,98,95,95,18,26,81,71,55,49,94,93,13,33,10,68,81,87,92,83,88,51,91,97,99,100,95,48,33,67,94,93,87,93,27,88,99,62,33,17,14,83,66,76,91,24,53,59,56,69,99,76,20,50,-12,54,33,90,92,94,8,-11,85,95,42,52,-6,-3,39,61,29,17,86,73,60,72,4,80,45,83,31,57,40,24,18,-9,16,45,46,23,11,67,69,6,0,40,50,-7,71,36,27,57,55,19,42,73,45,81,90,99,71,-1,47,44,6,59,67,91,93,88,23,32,18,27,-11,24,15,95,27,22,25,37,64,92,92,94,84,94,92,26,79,73,99,98,73,46,88,64,76,48,32,25,96,-7,50
Indirubin-3-monoxime,13.91304348,84,96,82,28,100,97,72,93,93,100,102,51,92,100,96,77,88,95,96,79,89,99,98,90,44,81,95,101,100,98,99,95,84,89,70,98,81,80,80,96,22,42,98,96,46,34,22,95,33,77,26,13,17,96,80,7,95,39,84,91,17,91,85,57,87,87,-3,87,1,98,47,70,101,98,98,55,99,100,100,99,92,100,99,42,20,82,99,99,81,95,99,27,92,81,74,80,43,33,90,81,89,94,99,99,89,98,30,83,102,99,94,83,79,56,29,98,-1,-3,24,12,95,45,93,103,87,90,60,93,87,99,82,-35,-3,79,96,54,98,100,90,2,11,95,82,17,6,-3,-2,33,87,46,43,86,67,63,86,24,63,74,91,88,53,62,10,46,2,8,36,14,6,-2,27,20,9,2,17,45,-5,35,2,33,55,-3,9,76,52,67,94,98,100,73,8,18,29,12,85,94,93,96,88,22,10,16,18,72,76,44,92,18,34,33,92,40,29,61,74,72,99,78,27,59,86,100,100,47,22,89,41,88,72,45,40,100,9,63
JAK3 Inhibitor II WHI-P154,38.69565217,87,99,97,15,63,48,78,64,18,74,98,90,83,97,72,99,78,66,67,39,38,82,72,33,28,32,58,12,29,49,33,14,22,59,30,89,59,65,38,62,56,62,-3,70,-18,62,24,82,24,23,4,45,-16,82,90,-10,103,92,70,80,59,79,93,72,90,99,-23,100,101,36,16,35,76,33,33,-1,94,96,98,98,78,91,82,11,22,31,-8,14,76,96,93,-4,25,8,27,19,28,18,24,9,90,83,25,29,45,43,46,22,87,96,93,90,51,3,92,102,55,25,-6,-6,46,20,72,84,28,53,73,6,63,89,94,16,29,-8,28,10,45,30,57,-11,-1,37,36,17,19,-10,4,70,69,20,32,23,2,-4,23,92,22,17,24,6,71,34,30,10,-5,20,20,-9,17,3,0,19,17,5,31,19,-6,84,21,24,53,46,12,30,39,34,95,58,99,92,-2,60,50,16,96,55,88,93,82,86,42,3,17,13,52,14,78,15,0,12,55,32,38,52,25,39,85,66,29,47,24,56,13,38,9,54,24,50,44,30,23,98,-5,42
JAK3 Inhibitor IV (ZM 39923 HCl),13.47826087,-20,37,5,-3,16,11,4,-1,10,0,17,39,26,1,33,3,4,-20,29,20,16,3,8,21,-9,-12,11,4,23,17,19,22,18,5,11,28,5,4,-9,15,-9,6,2,-16,-4,19,8,14,24,-11,20,-3,-31,-6,7,-4,-3,15,0,15,-1,-3,19,-3,8,-15,6,0,22,15,13,11,5,7,-14,10,6,18,18,17,-25,12,20,10,19,21,-35,-6,34,36,11,4,6,0,-18,8,9,-4,13,6,23,3,18,9,-10,55,43,14,16,15,23,2,15,0,7,10,24,-5,11,3,25,9,13,9,21,21,18,62,17,1,13,4,23,-23,-4,15,16,8,28,-6,-9,21,8,12,9,-1,9,31,47,19,-2,21,11,-5,4,3,7,-1,0,20,-18,-27,3,-3,-5,12,2,-3,6,12,15,3,12,-7,24,3,28,16,2,-21,16,36,10,28,10,4,7,0,3,21,-33,18,33,18,3,-18,48,1,8,21,5,11,8,0,12,15,7,10,-4,15,18,1,14,11,12,12,49,27,26,-17,20,-4,-5,22,13,58,6,14,14,14,9,8,0,12
JNK Inhibitor II (SP600125),73.91304348,44,88,71,16,76,72,28,83,95,98,100,96,83,55,82,5,71,91,43,68,92,92,92,76,62,65,64,97,86,100,99,69,76,45,68,98,52,94,69,99,81,82,70,79,66,39,7,36,32,57,49,8,32,98,105,8,-21,58,40,52,-6,37,59,24,71,5,19,45,3,91,49,94,96,88,60,11,62,98,99,100,91,53,98,37,19,73,60,42,101,73,17,38,85,81,-5,51,79,57,53,74,58,89,49,79,89,91,95,106,106,97,31,57,70,59,38,70,28,45,31,-3,94,50,100,91,25,50,87,94,97,96,90,-16,5,31,64,18,79,90,79,23,16,76,53,19,21,-1,11,29,86,14,4,55,36,51,88,19,14,4,81,85,82,79,41,27,-10,-5,34,27,-4,-2,70,29,16,-6,18,24,-7,101,64,21,40,36,18,86,68,30,42,77,89,48,5,61,49,15,19,36,68,78,48,15,21,39,27,76,67,42,52,39,13,43,84,27,81,75,31,73,89,43,26,37,62,101,95,51,14,77,55,57,64,23,23,49,2,55
JNK Inhibitor IX,23.91304348,-2,39,9,7,3,-4,18,8,20,-7,31,3,21,3,4,-13,17,10,-1,-5,19,3,12,13,12,-1,10,6,13,-2,-4,10,-2,0,0,24,11,28,46,23,1,8,6,1,13,22,1,-2,19,-7,23,0,9,-34,5,-3,-2,7,5,12,-7,-17,2,14,5,-13,-12,-5,6,13,3,5,12,19,-6,0,-35,4,23,14,26,13,10,2,10,15,20,0,36,45,-11,-4,3,1,-28,-24,-1,0,-13,8,5,28,28,-2,8,4,1,26,100,4,3,7,18,7,8,38,-4,8,-2,12,8,-17,9,-4,3,7,15,18,17,5,-4,-4,1,-19,1,-8,-11,9,16,3,-13,22,28,-1,-15,7,0,-6,32,-4,-82,-4,4,34,-12,4,-2,8,-2,-8,23,-19,15,9,-7,22,19,2,-22,-15,-7,-19,-23,0,8,-7,-10,17,7,-12,13,22,2,7,-4,16,0,-3,9,0,-18,1,35,4,8,6,49,-11,10,-2,-16,-6,6,-11,10,14,4,-6,0,8,8,1,7,7,1,12,27,31,3,-1,4,13,-8,15,-2,20,-9,8,7,5,16,-12,0,-1
Kenpaullone,40.86956522,61,97,44,28,56,67,55,98,18,34,85,29,40,95,36,28,63,71,19,26,43,86,84,16,27,91,95,98,91,95,91,70,20,99,47,95,29,17,27,32,45,8,-13,44,33,31,19,70,13,7,14,15,17,61,55,15,-8,22,-14,42,3,20,28,18,24,-20,-5,29,27,72,23,62,68,27,13,4,81,61,66,78,77,89,101,4,14,15,100,93,56,72,92,10,36,7,-41,-1,-6,10,-9,19,32,64,18,54,29,29,12,3,14,69,80,86,20,5,44,99,33,14,-8,11,88,18,32,72,27,95,23,38,42,96,61,-7,48,-3,37,13,65,72,60,2,-7,97,71,20,28,-16,6,46,47,25,23,97,83,57,77,-7,-8,-8,74,11,44,21,21,6,-10,15,29,30,1,12,7,7,15,8,6,69,-2,20,14,3,26,25,17,30,74,59,60,42,28,78,-1,59,23,15,17,23,81,91,-30,16,11,11,32,19,26,17,64,9,1,14,19,75,32,72,57,67,69,45,36,-4,22,81,34,51,24,82,71,71,10,33,30,91,-2,-2
KN-62,23.04347826,14,13,43,14,13,14,11,6,-4,-12,13,13,0,19,24,0,26,21,14,3,22,13,9,-4,15,8,2,9,-2,5,2,4,-1,7,-7,21,27,27,74,20,-12,14,8,2,11,-9,4,29,12,7,8,-5,-15,8,13,-6,-6,4,7,-10,4,9,0,-6,4,-31,-6,-3,9,-9,-3,-1,42,26,42,11,4,5,24,6,9,13,-1,7,5,15,-1,-1,43,39,2,7,4,8,-82,1,16,1,16,-1,-3,7,2,1,-10,17,-11,-14,25,-2,10,17,14,-7,-4,41,-24,-4,7,22,2,-14,9,8,-14,-13,-24,-7,28,-2,-2,-7,9,-5,14,11,-12,17,-9,-8,-2,12,-1,5,1,-11,-3,1,3,2,7,2,28,50,-1,21,-5,2,-5,2,19,-11,-6,10,-1,-12,40,5,2,-1,1,-3,-6,8,0,7,10,11,21,5,14,-11,-1,-2,-1,38,21,5,0,12,12,6,-4,-5,-9,13,10,1,1,-9,-1,-3,-5,-1,7,17,-24,1,14,3,9,15,2,9,13,3,5,31,-1,28,5,12,50,9,8,-2,-5,6,2,-3,1,8,-2,-5
LY294002,-0.869565217,11,42,47,-11,24,30,17,18,3,16,17,1,18,10,14,-1,14,-5,-13,45,21,14,17,14,17,0,23,10,20,16,22,15,5,26,13,13,16,27,37,25,88,58,9,13,11,31,5,14,22,9,24,0,-30,6,9,5,-16,11,1,23,3,7,21,7,-4,-4,-15,-2,35,17,7,14,19,10,27,30,3,15,29,28,38,24,30,2,23,19,12,25,46,42,14,4,44,26,-10,15,4,6,10,3,24,8,25,9,0,14,21,5,3,16,18,11,20,4,15,26,27,3,18,12,15,19,28,14,-17,18,6,24,10,3,3,16,35,13,3,12,9,2,45,73,40,25,-6,8,9,-2,9,28,37,24,49,16,23,23,5,41,10,18,-1,-11,80,27,30,32,-10,20,10,0,12,10,-11,-16,6,-5,34,8,37,8,-2,9,19,88,49,16,6,16,7,6,-16,26,-18,27,35,7,11,1,45,11,-1,5,4,1,29,1,39,26,93,18,7,16,22,12,11,18,18,18,45,22,17,36,12,29,1,12,32,31,5,12,12,25,7,10,2,9
MEK1/2 Inhibitor (SL-327),-5.652173913,13,57,35,-11,43,38,18,38,-3,30,85,17,27,21,20,-14,26,-3,7,5,14,14,53,17,11,4,19,-2,14,8,0,12,6,4,14,19,13,10,34,18,1,-4,-5,6,8,34,13,9,22,-3,1,-8,15,-18,5,18,-13,18,-11,1,-12,5,11,13,5,-10,-9,8,-4,5,21,0,17,18,7,10,27,62,41,36,32,87,28,5,7,9,13,4,-16,59,-8,-1,8,14,-23,-2,-21,-9,-2,8,-12,19,-1,4,2,-1,0,-3,17,3,-3,26,15,7,17,33,-14,10,31,12,46,-1,38,6,10,9,17,4,25,11,-6,6,2,5,16,5,-4,20,38,37,21,16,32,9,-3,-12,10,5,44,2,-20,6,11,4,47,-5,-13,-2,13,-8,17,-33,16,20,-8,2,14,4,-4,1,-4,-4,-6,-5,17,23,-8,32,0,5,67,10,10,10,52,-9,5,3,10,2,-3,5,17,11,2,58,85,52,-4,18,-1,-5,10,2,-17,7,15,2,1,18,7,22,15,1,-4,9,84,37,5,13,7,15,28,18,33,14,-7,6,5,11,11,-1,-1,0
Met Kinase Inhibitor (SU11274),-0.869565217,5,71,65,28,91,87,39,73,20,83,99,93,89,96,25,28,31,-5,5,51,21,86,88,-4,28,12,11,-6,9,52,22,12,98,30,20,39,-8,-29,-35,60,-1,3,98,98,90,12,-27,60,-14,-17,-129,32,32,-13,2,-32,-8,4,-3,31,45,17,57,40,34,32,48,-41,-35,46,26,18,75,75,58,-22,83,87,91,94,96,36,91,9,20,73,-87,-47,-3,77,78,3,71,52,46,8,-31,4,26,12,81,76,12,65,84,90,16,1,-77,80,87,88,58,5,90,90,2,18,-39,-30,80,71,41,99,100,69,13,7,-1,23,10,-13,4,-26,-8,27,44,41,82,9,4,92,22,78,34,-3,-19,11,53,13,60,29,-5,17,69,-27,87,45,-12,19,-49,-47,7,-23,-13,16,-15,12,-10,5,5,5,8,-2,20,15,35,55,10,10,65,33,-1,11,68,-28,21,89,82,17,-10,75,87,7,70,49,68,54,35,5,8,27,30,-82,-44,-11,-4,26,75,73,56,11,39,92,96,93,80,-14,22,57,8,98,103,88,4,1,99,94,4,11,5,92,-10,-13
MNK1 Inhibitor (CGP 57380),33.04347826,72,83,33,23,31,35,70,10,10,27,78,57,43,97,85,81,82,88,66,28,80,70,74,-4,43,79,51,41,61,15,14,22,14,64,40,41,34,35,34,93,14,27,-6,32,17,84,35,46,12,0,4,8,17,84,70,16,90,90,50,58,23,66,21,57,75,91,-7,94,89,13,1,14,75,40,13,17,82,65,6,59,73,83,51,3,3,15,10,7,47,84,89,4,8,12,6,-12,12,-8,-3,10,-1,42,-6,22,7,10,7,7,8,46,86,81,42,14,93,97,57,33,5,-12,31,77,49,42,20,52,26,21,22,88,87,-6,-6,3,26,24,14,18,40,10,5,24,58,8,19,-6,4,45,39,-9,19,12,3,19,7,38,-11,-9,60,1,47,1,31,23,-9,23,29,14,-10,1,17,9,-12,2,-4,8,-9,36,11,21,21,23,6,9,20,79,62,21,82,79,-1,9,33,5,50,36,76,83,70,53,11,4,6,26,57,20,94,5,21,17,6,3,13,15,9,11,42,79,26,21,17,60,17,15,12,82,5,26,19,13,13,79,2,-7
NF-kB Activation Inhibitor (QNZ/EVP4593),10.43478261,-1,45,33,-3,72,58,22,77,20,-10,89,13,67,82,29,21,51,1,6,13,57,89,86,-6,41,5,20,10,10,15,2,4,15,-7,28,83,18,30,36,47,-1,0,5,31,8,23,9,5,25,0,13,10,14,52,8,-1,40,13,9,8,-4,-13,0,1,4,7,2,2,98,6,16,13,72,52,67,20,40,74,91,94,40,34,32,3,5,12,11,-19,77,68,11,3,30,7,-14,-19,-1,-10,65,8,-1,42,-8,6,-49,-24,-1,-5,20,47,55,80,20,6,25,89,26,14,-6,-5,38,-1,60,38,20,18,18,4,36,20,26,-24,-7,-11,28,14,-2,28,28,4,37,51,45,-1,-9,-20,-17,4,49,11,-48,13,19,16,28,35,57,5,-9,25,7,-36,11,-24,-8,22,24,-3,-13,-4,-11,-11,-26,4,10,-5,-11,18,-2,-9,25,15,4,10,22,42,-9,28,45,12,0,6,30,0,0,59,55,35,23,9,-1,-8,4,-25,26,14,25,-4,-14,30,9,22,28,12,9,8,38,70,-12,34,0,44,42,42,2,39,-8,13,5,18,13,67,-8,-11
PD98059,25.65217391,8,30,17,-8,4,6,26,7,-12,-7,-3,6,-11,-3,18,-5,-3,2,0,18,13,2,1,-8,-20,1,90,15,16,1,11,0,11,-8,10,28,12,-2,7,13,4,-6,-14,-5,29,14,-11,13,10,1,-20,1,4,30,6,2,-14,8,-17,-8,-8,4,3,-4,0,-32,-12,-9,7,-16,-1,-7,-5,8,1,2,0,8,15,20,12,61,18,-2,4,3,23,-3,19,13,-5,8,5,2,-27,3,3,-9,6,8,4,6,9,-8,-7,-8,-1,0,5,-2,15,7,7,0,-5,20,10,4,22,3,15,-11,-13,-1,-16,4,23,16,23,4,-13,4,5,-17,2,-10,-14,2,11,7,49,3,22,-2,-1,-14,-6,13,-6,-2,-13,4,1,11,6,-1,-10,-8,1,-17,42,-2,9,5,-9,-32,5,-4,-5,-8,-19,-13,0,-5,6,3,-8,5,3,11,-2,-2,-2,-8,10,67,14,-12,17,-6,0,4,3,3,-22,19,-6,-1,-33,6,8,4,4,-20,5,14,-24,-4,-9,12,3,-13,2,15,8,13,5,9,7,-6,-1,8,13,11,14,27,-8,-5,4,-2,0,-6,-20,-1
PI 3-Kg Inhibitor II (AS-604850),29.13043478,21,30,23,-2,34,30,2,13,3,43,36,20,16,6,-1,-4,29,38,5,17,29,14,18,28,12,-4,4,-13,11,9,6,10,14,23,12,15,6,38,51,35,98,100,-2,25,6,-1,-17,-6,19,4,34,-5,-4,1,35,-4,-19,4,-15,7,-5,-3,-2,1,-6,-10,-9,-21,-1,5,14,10,1,-1,-12,6,-1,15,17,17,28,21,13,-1,13,7,8,10,33,54,6,2,24,12,-30,-2,-7,8,-3,2,20,-6,1,-8,3,37,-6,-2,17,3,-28,9,12,6,11,35,23,-7,13,19,24,-9,18,5,22,27,7,1,28,1,4,-4,15,-12,3,26,-7,-2,30,10,-4,11,18,6,12,7,3,16,65,24,76,5,30,22,3,63,-13,-16,-6,6,95,90,59,26,-11,13,17,-2,-26,-2,-1,-3,1,-11,11,0,20,23,1,-8,48,39,4,63,3,23,-7,-1,2,17,-16,11,23,-8,-5,35,65,1,-3,-9,-17,-13,-6,18,15,-8,-19,5,2,16,-9,27,12,26,-5,34,33,20,11,15,3,40,76,9,3,-4,3,11,3,15,2,-16,-2,2
PI-103,24.34782609,-9,31,-11,8,21,13,-2,1,-3,-13,8,9,14,0,-2,-7,16,0,-17,21,10,34,39,25,0,-10,7,-3,3,-3,9,33,4,-1,0,32,2,19,25,28,-24,21,0,11,70,9,-6,6,24,-10,35,4,-43,14,2,8,-19,-12,-8,29,-1,-24,14,9,-8,-2,-23,-11,-6,50,1,13,22,-23,-9,1,3,20,28,-2,20,12,15,12,12,6,-27,17,68,32,-2,-7,11,41,-14,5,-1,7,1,6,5,-2,16,-4,8,-1,23,-5,29,9,-17,-3,8,-3,13,43,13,-19,-11,-6,5,-12,12,7,-33,-2,-9,-9,28,1,-6,9,15,10,-3,8,3,-1,26,65,93,7,2,-7,31,-5,4,10,16,6,53,7,16,22,-4,26,-11,2,-14,-25,14,-9,2,15,-17,10,5,2,-7,4,-10,-9,1,-7,13,14,16,11,-3,5,10,44,2,1,-7,8,6,5,-10,14,-25,18,18,-4,7,2,36,-1,-10,-1,-11,14,-8,47,34,5,101,2,-2,9,0,6,-1,6,13,7,33,14,9,41,5,-18,-3,9,26,8,19,8,11,7,7,7,-7,-3
Purvalanol A,22.17391304,86,86,74,-11,58,52,99,67,4,28,83,22,69,98,95,8,13,-6,83,22,32,58,54,40,27,99,100,101,97,100,100,56,99,95,14,62,99,113,87,77,4,-12,2,99,89,57,35,102,3,-3,-39,8,11,8,14,-9,5,86,73,69,53,86,72,54,85,97,-4,96,-15,87,74,81,85,44,44,-16,100,57,98,97,66,101,77,18,18,56,38,43,6,96,96,51,64,23,-36,88,-26,-1,67,96,77,91,97,89,27,4,-3,3,-8,42,86,92,10,14,63,100,60,67,12,16,54,-4,82,100,27,20,36,-8,54,99,2,-18,12,-4,38,83,70,65,80,0,-9,95,62,47,11,-22,6,19,36,21,-11,96,89,87,48,-16,-5,-11,3,18,32,-22,11,-3,-14,2,16,3,-8,4,-1,1,8,-17,10,74,-3,14,2,1,4,55,13,41,17,3,91,96,73,15,4,24,14,4,22,81,85,79,76,20,4,2,-7,-17,-7,3,84,14,101,98,47,40,80,74,51,68,34,92,7,41,19,99,100,28,21,84,61,93,70,54,49,100,-14,-8
Rapamycin (Sirolimus),-13.47826087,-39,37,68,-10,-24,-7,-18,4,4,-18,27,31,16,18,32,-2,32,-39,-6,16,21,4,1,-19,-46,-8,-13,4,14,8,0,11,6,2,-24,15,-1,-23,24,-9,2,-5,-1,-37,5,-8,5,5,-8,-10,-260,-10,-39,-49,-1,-48,-24,35,-20,-29,0,-16,8,-19,-5,-5,43,-47,-30,17,5,16,37,-14,-7,-45,1,4,4,-6,35,5,21,1,17,14,-93,-22,-6,19,13,-1,1,-10,-12,26,-48,-24,11,-1,29,-54,1,-13,-60,-24,10,4,-53,4,20,-24,9,1,10,-31,-16,-1,-15,-33,29,3,3,7,-5,26,18,-2,-1,-6,12,-46,-4,-10,-5,12,3,16,24,49,96,14,-12,19,36,-18,-15,9,-47,5,-49,12,-9,-36,-2,-19,-2,-14,-26,-16,-41,-42,7,-41,2,-7,2,1,-6,-3,2,1,18,-12,24,-13,23,3,-7,-28,15,34,6,38,-16,6,-12,1,-7,16,-40,8,20,8,-18,-12,45,10,-12,17,-3,6,5,-113,-49,-48,19,-3,-8,8,-7,22,18,13,4,15,45,10,22,4,17,59,-21,20,-6,-11,2,6,3,6,-11,-23,-21,-41
"ROCK Inhibitor, Y-27632 2HCl",7.826086957,5,18,17,-1,6,-3,4,-1,-5,0,7,14,-8,7,19,-2,1,3,1,26,15,7,2,0,7,-4,9,-1,5,4,4,12,3,8,5,16,-3,-5,7,-2,-2,9,12,-7,12,7,11,1,8,-2,-7,1,2,-23,12,-4,69,4,-2,5,8,-1,5,7,-2,-13,2,16,5,-3,-7,5,5,9,1,17,3,6,18,6,26,9,12,6,8,18,-11,-41,1,4,8,-2,1,6,-16,-6,8,-18,17,2,-1,29,16,7,-3,-5,-1,-18,-4,6,15,2,17,5,-1,-3,10,-1,6,8,11,-16,-5,3,-5,-1,-10,-10,9,6,-1,2,6,-10,-5,3,-16,12,16,-11,-12,18,23,2,-1,-12,-5,6,4,-9,-18,6,6,7,-1,-16,2,0,-1,-2,14,-26,3,-13,-6,-5,9,-3,-5,-2,-11,1,6,-4,5,7,-10,8,-4,-4,13,8,5,-9,11,11,13,1,1,4,-8,1,4,9,-12,-4,-20,-3,-11,0,5,-7,5,-1,-4,10,-1,-2,10,4,-4,9,17,11,-4,-2,21,6,1,-7,4,12,8,1,3,18,1,5,8,8,2,-4,1,-3
SB202190 (FHPI),17.39130435,5,73,18,92,14,14,59,7,20,11,42,5,17,56,68,95,37,10,23,0,48,11,24,1,8,8,12,9,7,9,1,-9,-2,35,8,32,41,49,59,101,-7,3,-7,-4,10,99,-4,55,24,3,24,80,12,-10,24,-6,81,84,43,19,13,44,42,55,47,57,-17,59,28,-13,7,1,59,13,12,4,60,74,15,71,42,73,13,0,3,4,58,72,90,76,55,4,5,-5,-41,-23,41,9,-26,10,21,12,2,2,-12,7,21,88,102,51,55,74,31,1,41,89,7,2,-5,-2,3,-4,54,4,63,51,101,43,20,88,6,-3,8,2,57,-10,-13,10,23,10,10,23,34,1,-4,-10,-3,87,75,15,24,4,15,16,1,66,-5,3,6,2,9,-7,8,81,-12,36,23,8,15,19,-3,10,1,8,30,25,-5,64,19,34,22,17,10,20,53,81,88,14,53,86,0,64,32,-4,19,17,55,32,8,99,101,33,10,-3,45,27,35,-4,-10,24,6,0,-1,31,32,16,15,45,60,51,0,17,39,17,-13,57,-4,5,14,16,25,66,-19,-1
SB 202474,49.13043478,3,31,4,3,14,8,25,6,20,16,38,17,10,21,18,-8,26,21,-5,-1,24,6,20,9,-2,11,18,3,15,20,14,5,14,12,9,16,10,3,29,63,1,0,-4,26,16,50,-2,3,0,1,10,8,0,15,66,6,-6,5,-5,6,-9,-4,0,-5,2,-15,-11,-1,-8,19,-1,-5,20,12,-24,-9,-2,13,24,23,29,28,6,4,4,2,14,-15,96,36,-4,5,11,1,-28,-7,-4,-12,-32,1,0,6,7,6,-5,-3,-6,-5,-23,5,3,14,16,5,52,5,20,4,18,-18,15,-19,35,5,9,8,13,1,10,26,41,-14,6,-12,16,-3,-11,3,8,10,27,24,28,-5,-6,-17,-4,1,38,-10,-12,0,-5,17,6,15,-9,-8,-1,-5,11,-25,7,26,-8,19,5,-5,-5,4,-8,-5,-9,-4,27,-5,-5,8,4,39,45,12,-2,6,26,35,0,-14,20,18,-6,18,11,-1,-8,-4,45,7,10,43,28,-4,4,-3,9,21,15,0,2,26,0,-7,9,11,2,4,16,25,-6,-6,0,13,-7,14,11,13,-5,2,-1,0,-8,-1,-21,-14
SB203580,11.73913043,28,61,7,77,6,10,45,6,-5,-18,20,-8,-19,45,64,93,9,10,27,1,2,0,11,2,-9,11,-4,-4,7,-21,0,-11,0,-8,3,10,39,29,32,95,-4,-5,-2,6,2,97,2,35,16,-3,-11,54,-2,-3,2,9,101,74,38,14,20,52,35,57,44,39,-5,59,18,-15,-9,-5,10,19,1,3,49,61,18,58,48,65,0,-4,-2,-8,51,66,65,48,39,3,0,-2,-17,-22,4,-1,-29,2,3,14,44,-4,-19,-12,5,70,99,40,73,68,18,15,21,87,-1,5,-33,8,-8,-10,16,-5,32,37,97,32,11,29,13,-19,-10,2,19,-1,-9,7,-2,11,4,5,6,-18,-4,-3,-16,76,13,0,22,-6,-4,0,-1,-13,-8,-20,-7,-6,3,4,-9,29,-5,21,25,10,30,25,-3,-5,-5,-11,23,-4,-1,34,10,1,-7,1,8,-4,-7,-1,83,-1,54,79,26,0,-9,-10,5,20,3,4,-13,98,98,14,6,-24,19,-1,7,-3,-9,7,-9,-1,-1,23,21,21,-11,11,23,38,-9,-15,-4,6,0,58,-1,-4,4,-1,0,55,-30,0
Sphingosine Kinase Inhibitor (SKI II),31.73913043,25,20,38,-10,10,0,28,16,-5,-22,29,8,20,14,7,-2,10,-26,16,47,8,11,2,-14,-12,16,22,7,20,10,2,-1,11,1,-4,60,2,4,1,28,3,1,24,-1,25,16,-13,7,-7,-7,-79,-4,2,4,7,-43,-5,37,-13,-11,-3,14,-2,4,22,-9,5,8,-28,6,0,5,14,7,-37,-18,7,23,44,79,57,32,40,0,-2,-3,12,-14,16,31,14,5,11,15,-1,-8,-34,-10,-33,-3,-11,3,15,5,3,-22,-1,-13,-15,8,-3,21,-2,3,-7,44,19,-7,29,-16,7,-12,0,10,-10,17,48,7,44,64,20,-35,-29,-7,6,3,13,24,-2,17,-6,9,60,3,-11,-23,-6,26,13,-6,34,2,-4,-3,0,-26,17,-37,-2,-30,48,18,3,-29,6,-4,-4,-1,-12,-1,-5,-10,-12,13,21,-14,-3,0,7,1,-11,10,6,31,-7,-18,-18,-6,13,11,-21,-2,-6,3,4,-3,14,20,-13,65,-5,0,-6,-103,-7,-34,-11,0,-11,13,0,-14,2,15,11,5,20,22,0,-31,-3,36,22,13,-5,21,-5,-2,-2,1,9,8,-30,-33
Staurosporine,96.95652174,98.5,100,99.5,87.5,100,99,101,99.5,101,102,100.5,99,100,99.5,98.5,93.5,100.5,101,101,97.5,99,103.5,100,99.5,99,100.5,100,100.5,98,99,100.5,91.5,99.5,99,100.5,99.5,45,59.5,45,51,10,24,99,99,90.5,10.5,96.5,101,99.5,100,97.5,100,93,100.5,82,-19,83,102,98,99.5,99,98.5,98,91,100.5,100,-19.5,86,85.5,100.5,99.5,100,100.5,100,100.5,85,99,100.5,100.5,100,100,101,98.5,99,99.5,97.5,101.5,95.5,97.5,98,97,43,88.5,69.5,93.5,96,99,88,97,99.5,100.5,99.5,99,99.5,101.5,99.5,88,73,97,99.5,95.5,100,98.5,80,99,100,84,61.5,103,55.5,100,100,101.5,99.5,99,99.5,101.5,98.5,99.5,99.5,96,100,100,100.5,100.5,54.5,99,100,99,11.5,16,99.5,92.5,70.5,26,12,-13,92,97,100.5,96,100,99.5,101,100,101.5,99.5,99,100,99,99.5,100,100,97.5,97,98.5,99.5,100.5,99,98,99,99.5,100.5,95,100,99.5,91,101.5,99.5,97,99.5,93.5,53.5,100.5,98.5,100,100,99.5,94,85.5,98.5,100,98,98.5,100.5,99,100,100,99,18.5,9,92,96.5,99,97,93.5,100,69.5,103.5,88,101,99.5,100.5,99.5,100.5,100,99.5,97.5,69,102,99.5,100,106,101,99.5,96,100,99.5,12.5,66.5,60,100.5,100,101
SU6656,-3.47826087,28,92,71,44,71,63,25,97,-2,87,99,48,64,98,40,6,25,50,50,6,41,88,87,2,4,5,23,3,17,2,13,13,84,7,27,79,-7,25,38,29,0,6,72,29,72,9,6,65,1,3,45,-1,8,-1,9,-4,93,4,-3,23,8,-1,21,15,36,-7,6,31,18,92,32,39,46,70,10,13,91,44,59,54,100,76,95,16,-3,22,6,6,-4,90,26,-5,10,14,-34,-6,-9,37,12,5,100,83,23,78,75,52,6,-1,19,60,93,67,23,4,22,100,12,1,8,8,83,17,5,87,-30,3,-7,5,12,36,11,-6,-4,-25,6,23,98,78,70,-1,-9,53,37,0,6,-14,-2,7,8,-7,-15,31,6,50,19,-7,71,10,-3,54,14,-21,6,-3,-5,8,12,2,-3,4,-6,-21,15,-9,5,28,-14,-1,-7,-8,20,5,7,21,18,9,52,93,63,-2,0,2,17,4,31,5,58,83,11,14,-4,0,4,4,5,-1,45,2,92,86,7,4,8,44,13,27,40,20,9,49,5,101,99,27,-6,10,87,94,9,11,11,94,-5,0
"Syk Inhibitor III (MNS, 3,4-Methylenedioxy--nitrostyrene, MDBN)",14.7826087,14,31,-1,7,20,22,8,13,10,-9,10,23,19,4,-10,-5,-4,-17,-2,16,16,0,3,86,-3,-13,7,4,12,-6,4,2,-19,0,-1,15,-3,5,14,-13,-26,-2,1,-1,-32,-1,0,-6,10,-27,32,3,-34,37,-6,-6,-14,-2,-15,5,0,7,11,-3,-16,-24,-11,-27,-1,28,2,23,6,3,-7,-4,8,9,31,5,0,8,14,9,11,14,-13,26,-15,27,6,-12,-3,1,-21,9,6,5,15,-2,17,-7,18,0,-18,-8,-2,-3,8,15,11,19,3,5,8,27,14,16,-8,17,15,-20,16,-8,4,18,-3,16,18,-11,-5,0,11,-10,-1,7,-5,9,25,-4,23,-14,-6,2,-7,-13,-14,5,13,0,16,7,8,-2,-12,13,-5,3,4,-14,15,-10,-3,-1,-10,10,-6,-11,-2,-6,33,5,19,-14,28,7,24,12,-5,-6,10,22,-4,30,-7,4,-5,8,-8,12,-9,21,7,2,-11,-6,0,6,6,-5,-10,1,2,-5,34,13,-12,-2,1,2,11,18,10,2,19,0,19,10,-1,40,3,-16,-19,6,26,23,8,9,9,12,6,2,-27,-28
TGF-b RI Inhibitor III (SB505124),15.65217391,-2,33,-2,106,17,22,3,12,12,-10,5,18,19,-6,0,-2,-6,-12,-16,14,12,1,1,12,5,-6,-3,2,11,12,3,-6,5,2,8,3,0,0,15,67,-32,-18,-9,9,-45,29,-8,-2,23,-13,1,2,-43,-15,-4,-11,-19,-6,-8,4,-3,-2,6,-5,-3,-31,-31,-36,14,5,-8,13,14,5,-29,-12,12,16,13,10,-20,7,17,-3,13,3,-44,7,25,21,1,-2,4,-8,-32,4,-14,-18,11,-8,25,-7,12,-3,-12,-14,3,6,15,21,14,8,5,-1,-6,24,6,-20,4,-16,23,4,-3,3,-21,10,61,17,10,-9,-9,18,14,-23,-4,8,-5,6,28,-13,-10,13,-7,5,-8,-7,5,13,35,9,21,12,-2,-2,-1,8,-1,-12,-6,-19,-11,-10,3,9,-7,5,5,-8,-9,-5,-12,-1,9,-12,20,5,24,28,-6,-10,-8,25,12,23,-15,0,8,-3,-7,79,-24,18,14,6,-11,-6,53,3,-11,84,36,0,1,11,13,2,38,0,-14,2,2,17,10,2,10,-2,28,9,100,17,5,-6,-24,10,6,2,6,4,29,16,11,56,-7,-13
VEGF Receptor 2 Kinase Inhibitor III (Semaxanib/SU5416),12.17391304,24,82,87,0,71,37,19,81,44,57,100,67,79,68,7,-4,43,52,34,3,64,101,91,40,-7,6,4,4,31,6,4,40,68,22,62,97,72,92,75,98,10,26,99,63,89,-3,3,30,3,16,4,8,-20,97,6,-5,-19,-3,7,20,4,11,48,-1,14,3,-20,-6,-22,91,45,56,87,68,32,7,70,100,100,100,100,81,89,12,14,40,-24,-11,23,75,60,2,61,41,19,14,27,17,89,56,25,87,97,88,11,44,-2,-1,30,98,67,56,11,4,55,92,8,-1,-3,-1,80,69,66,98,2,42,24,12,61,95,17,-15,13,40,61,14,80,85,28,-5,-6,88,2,-8,-6,-10,-11,7,64,-11,16,31,5,38,16,9,96,77,40,61,-5,7,-1,13,-5,7,10,-4,-5,-3,-8,-8,7,-13,17,9,19,12,1,-3,22,24,15,12,-14,-15,34,90,90,6,-19,20,17,-12,38,89,95,96,83,2,15,-6,-10,39,33,7,-34,16,21,16,53,0,29,14,-5,4,48,22,4,18,38,100,107,25,-7,8,30,85,32,18,3,67,-22,-8